URL,리뷰 내용
https://www.musinsa.com/review/goods/1620237,잘 늘어난다고 해서 일부러 딱 맞는 사이즈로 구매했어요~ 이쁘긴 참 이뻐 비싸서 그렇지
https://www.musinsa.com/review/goods/1620237,사람들이 많이 구매하고 추천하는데에는 이유가 있네요 아주 만족스럽습니다
https://www.musinsa.com/review/goods/1620237,"이쁘고 잘 맞네요, 꽈베기 니트 실물은은하고 코디 범용성 좋을 것 같아요"
https://www.musinsa.com/review/goods/1620237,"원단 자체가 흐물거리고 무거워서 옷이 밑으로 축쳐집니다. 시보리는 거의 없다싶이 늘어나있고, 목은 과장 좀 보태서 어깨까지 늘어나는 정도에요,, 진짜 가격대비 최악의 퀄리티.."
https://www.musinsa.com/review/goods/1620237,"목이축늘어져서
별루입니다
이게무슨일인거죠?"
https://www.musinsa.com/review/goods/1620237,"앞으로 무신사 못믿겠습니다.
통화하려면 40분이상 연결대기에 1:1문의 답변도 2-3일 이나 걸리고 재고관리를 어떻게 하는지 패키징도 최악인데다 보시는 것처럼 봉투가 먼지 투성이에 밟힌자국들?로 
 가득하네요.
앞으로 세일하거나 급한일 아니면 여기서 안사렵니다."
https://www.musinsa.com/review/goods/1620237,"최악입니다. 
랄프로렌 제품을 아울렛과 백화점에서 구매해본 경험이 있어서 그런지 무신사에서 사느니 차라리 값이라도 싼 인별에서 사는게 훨씬 나아보이네요.
패키징부터 시작해서 옷 검수까지 3만원짜리 니트를 사도 이렇게 받진 않을 것 같습니다."
https://www.musinsa.com/review/goods/1620237,"1.가품을 받아도 이 정도 패키징은 아닐 것 같다는 생각이 드네요.
2.옷을 입기 전에 자체검수를해서 털뭉치들을 거의 다 제거 했는데 이너가 털 범벅으로 바꼈습니다.
3.봄에 산 제품보다 제조일이 느립니다."
https://www.musinsa.com/review/goods/1620237,"구매한지 약 3주 지났고, 몇번 실착 후 후기 남깁니다
우선 처음에 입었을땐 저 가격의 느낌은 안났어도 폴로라는 브랜드랑 사이즈도 너무 괜찮아 만족했는데 한번 실착 (절대 이상하게 안입고 조심하게 2시간정도만 입음) 하고 옷걸이에 걸어두고 약 일주일 지나서 다시 입으려니까 목이 정말 말도안되게 늘어나있고 기장도 늘어나있네요. 기장은 그렇다 쳐도 목이 안에 흰티를 입어도 흰티의 목 라인이 다보이고도 남을 정도로 목이 늘어나있어 거의 못입을정도입니다. 재질이 잘 늘어나보인 했지만 이정도일줄은 몰랐네요"
https://www.musinsa.com/review/goods/1620237,우선… 옷이 너무 늘어지고 탄련도 없고 쪼임도 없고 별로예요;; 사이즈도 겁나 커서 중고로 팔려고영
https://www.musinsa.com/review/goods/1620237,세일할때 샀는데 늘어나는게 뭔 느낌인지 알겠네요 ㅜ 목도 많이 늘어나고 ..
https://www.musinsa.com/review/goods/1620237,"잘 늘어나긴 하네요..
실제로 스타일러만 돌렸는데도 엄청 늘어나요ㅠㅠ
재질이 아쉽습니다.."
https://www.musinsa.com/review/goods/1620237,재질이 축 늘어지고 힘이 없어서 하루만 입어도 목이 늘어나요.. 핏이랑 디자인은 맘에 듭니다
https://www.musinsa.com/review/goods/1620237,예뻐요 오버 핏으로 입으려고 일부러 크게 샀습니다 그런데 털 빠짐이 개심해요 안에 흰 티 입으면 검은 옷 됩니다
https://www.musinsa.com/review/goods/1620237,셔츠나 흰 티에 입으면 보풀 막 묻어나고요. 두 번 입었는데 목 축 늘어납니다. 유니클로보다 8배 비싼데 품질은 8배 후집니다. 이거 디자인하고 원단 구매한 폴로 관계자나 제3국 제조 일꾼들 눈앞에 있으면 진짜 죽빵이나 울대부분 강하게 날렸을 겁니다. 경찰 관계자분들도 저 이해할 듯합니다.
https://www.musinsa.com/review/goods/1620237,일단 짜임새가 좋지않습니다. 축 처지는 느낌이고 소매랑 기장이 생각보다 훠어얼씬 더 깁니다
https://www.musinsa.com/review/goods/1620237,개인 적으로 계속 갖고 싶었는데 이번 에 L사이즈 딱이쁩니다.
https://www.musinsa.com/review/goods/1620237,목 늘어나는거 어쩔... 입어보고 사시는거 추천해요
https://www.musinsa.com/review/goods/1620237,"넘 이뻐요 남자친구랑 커플로 맞췄어요ㅎㅎ
근데 너무 잘 늘어나네용 벌써 목부분이 늘어났움ㅠ"
https://www.musinsa.com/review/goods/1620237,그냥 입을 땐 부드러워서 괜찮았는데 셔츠 레이어드해서 입으니 잔털들이 심하게 들러 붙네요. 랄프로렌 가격이 있는데 이정도 퀄리티는 좀 문제가 있다고 생각합니다
https://www.musinsa.com/review/goods/1620237,"생각보다 불편하고 가격이 너무 비쌈
과대평가됨"
https://www.musinsa.com/review/goods/1620237,"니트의 안이던 밖이던 다른 옷과 같이 입으면 털이 바로 묻어요.
끝없이 묻어요."
https://www.musinsa.com/review/goods/1620237,좋네요 아주 좋아요 다 잘 어울려요 잘 입을게요!!! 굿
https://www.musinsa.com/review/goods/1620237,루즈핏이라 살짝 긴 느낌이 있지만 한사이즈 작은 거 추천해요!
https://www.musinsa.com/review/goods/1620237,나쁘지 않은 재품인거 같네요 또 사진 않을거 같음 ㅜ
https://www.musinsa.com/review/goods/1620237,가격 대비 질이 그렇게 좋다고 말하긴 힘들지만 로고 감성으로 살만해요
https://www.musinsa.com/review/goods/1620237,목 부분이 쉽게 늘어나긴 하지만 니트 중엔 제일 믿고 사는 옷인 거 같네요
https://www.musinsa.com/review/goods/1620237,"사이즈 정 사이즈를 추천하고 좀 많이 커요
이점 참고하세욤"
https://www.musinsa.com/review/goods/1620237,사이즈도 좋고 다 이쁜데 안쪽에서 털이 묻어 나옵니다. 밝은색 이너를 입고 착용이 가능할지 모르겠네요. 이 가격 대비 이 퀄리티는 좀 그렇지 않나 생각합니다
https://www.musinsa.com/review/goods/1620237,핏은 넉넉하게 나와 이쁜데... 이너느 바지에 보풀임 엄청 많이 묻어나옴... 먼가 싸구려같은 느낌...
https://www.musinsa.com/review/goods/1620237,재질은 소소하고 전형적인 스탠다드한 폴로옷입니다 메드인차이나지만 무신사믿고 구매했네요
https://www.musinsa.com/review/goods/1620237,옷은 이쁘나 냄새가 좀 나고.. 이너나 바지에 보풀이 너무 많이 묻어나요
https://www.musinsa.com/review/goods/1620237,가격대비 기름냄새?? 좀 나고 자꾸 보풀이 묻어나오네요... 퀄리티가 좀 많이 아쉬운듯...
https://www.musinsa.com/review/goods/1620237,늘어나는소재라 조심스럽지만 그래도 디자인이깔끔해서 가을에입기좋을듯하네여
https://www.musinsa.com/review/goods/1620237,늘어날것같지만 폴로 디자인이 깔끔하고 이쁩니다
https://www.musinsa.com/review/goods/1620237,옷이 이쁘고 좋은데 보플이 많이 날리는게 좀 아쉽네요.
https://www.musinsa.com/review/goods/1620237,약간 비싸도 비싼 값을 하는 거 같습니다 포근하고 부드럽습니다 그리고 짱짱해서 오래입을 수 있어보입니더
https://www.musinsa.com/review/goods/1620237,가격이 약간 부담스러워 고민했는데 역시 폴로답게 질이 좋습니다 포근하고 부드럽습니다 사이즈는 평범합니다
https://www.musinsa.com/review/goods/1620237,배송도 빠르고 폴로라 매우 무난하게 잘 입을 것 같이요
https://www.musinsa.com/review/goods/1620237,저렴한 가격에 폴로 케이블 니트를 구매해서 만족합니다
https://www.musinsa.com/review/goods/1620237,폴로 니트를 저렴한 가격에 구매할 수 있어서 만족합니다.
https://www.musinsa.com/review/goods/1620237,"예쁩니다
좋은가격으로 잘샀습니당

재질 및 착용감ㅡ 부드럽지는않습니다 착용감 무겁습니다
단점 ㅡ 늘어나는 재질이고 무겁네요?
사이즈 ㅡ 정사이즈 입니다 182 73 기준 L사이즈 빼입, 넣입하기 둘다 좋네요"
https://www.musinsa.com/review/goods/1620237,"가격에 비해 퀄이 아쉬운건 팩트..금방늘어날것같은 불안함
옷은 디게 예뻐요"
https://www.musinsa.com/review/goods/1620237,폴로 니트는 언제 입어도 정말 좋은 제품이라고 생각합니다
https://www.musinsa.com/review/goods/1620237,역시 폴로라 코디하기 정말 좋고 옷 자체가 이쁩니다
https://www.musinsa.com/review/goods/1620237,니트 제질이 생각보다 얇고 부드러우면서 제질이 되게 촘촘하게 쨔여있어서 놀랐고 너무 만족합니다.
https://www.musinsa.com/review/goods/1620237,"여자가 입기엔 좀 크네요
실측으로 보고 구매하세뇨"
https://www.musinsa.com/review/goods/1620237,색감도 좋고 좋아요 다만 생각보다 더 크고 밝은 계열 면이나 옥스포드 셔츠 레이어링 하면 털이 많이 뭍어나오네요
https://www.musinsa.com/review/goods/1620237,생각보다 사이즈가 엄청 크네요. 이 부분은 감안하시고 사셔야할 거 같습니다
https://www.musinsa.com/review/goods/1620237,"폴로니트 처음인데 남자 옷장에 
하나쯤은 있어야 할거습니다..!"
https://www.musinsa.com/review/goods/1620237,전체적으로 늘어지는 느낌의 핏이며 목부분이 넓습니다.
https://www.musinsa.com/review/goods/1620237,생각보다 기네요 .. 목도 잘 늘어나고 그치만 예뻐요 ~~ 근본은 네이비네요
https://www.musinsa.com/review/goods/1620237,뭔가 좀 흐물흐물한 느낌이에요 그래도 할인받아서 사서 가격대비 만족합니다!
https://www.musinsa.com/review/goods/1620237,가격 대비에 잘 모르겠지만 폴로 로고는 마음에 드네양
https://www.musinsa.com/review/goods/1620237,"따뜻하게 스타일하기 너무 좋은 니트.
언제 입어도 실패하지 않은 니트."
https://www.musinsa.com/review/goods/1620237,상품살때 셔츠 사이즈랑 같은 사이즈로 샀는데 체감 상 더 큰것 같아요
https://www.musinsa.com/review/goods/1620237,남자친구 선물해주려고 샀는데 키180에 라지로 사니까 딱 적당하게 잘 맞았습니다 핏 걱정했는데 너무 예쁘게 잘 맞아서 다행 ㅠㅠ
https://www.musinsa.com/review/goods/1620237,폴로마크에서 느껴지는 분위기가 고듭스럽네요 목부분이 좀 약해서 잘 늘어나는건 아쉽습니다
https://www.musinsa.com/review/goods/1620237,좋아요 잘맞아요 따뜻해요 고급스러워요 좋네요
https://www.musinsa.com/review/goods/1620237,"제품자체는 이쁘고 괜찮아요
늘어날꺼 같긴 하지만
잘관리하면서 입을예정입니다"
https://www.musinsa.com/review/goods/1620237,"케이블 짜임도 좋고 이뻐여
사이즈가 작년보다 작아져서 만족합니다
한번쯤은 구매해도 좋은 제품같아요"
https://www.musinsa.com/review/goods/1620237,생각한것보다 옷 통이 좀크네요 사이즈는 실측보고 잘 가셔야될듯합니다
https://www.musinsa.com/review/goods/1620237,"마른 체형이라서 체형이 드러나는 게 아쉽긴 하지만 예뻐요.
그러나, 니트의 안이던 밖이던 다른 옷과 같이 입으면 털이 바로 묻어요.
끝없이 묻어요."
https://www.musinsa.com/review/goods/1620237,폴로 할인해서 잘 샀어요! 어깨가 넓은 편인데요 쾌 크게 느껴져요ㅜㅠ 소매랑 기장 길어요!
https://www.musinsa.com/review/goods/1620237,"평소에 xl를 입어서 구매했습니다. 어깨부분은 맞는데 품이 크고 팔이 깁니다. 
면소재라 까끌거림이 없고 두께도 적당해서 좋았습니다. 단점이 잘 늘어날 거 같긴해요."
https://www.musinsa.com/review/goods/1620237,"컬러가 눈에 띄는 네이비고 보온성도 지금 입기엔 좋아요
소매랑 목이 너무 심하게 늘어나요"
https://www.musinsa.com/review/goods/1620237,"이너로 입은 무탠다드 셔츠에 털이 엄청 묻어나는 점, 일부 짜임새에 이물질이 들어가 있는점이 아쉽습니다. 그 외엔 클래식해서 맘에 듭니다"
https://www.musinsa.com/review/goods/1620237,"정사이즈를 좋아하시면 남자는 m을 추천해요 부드럽고 잘 늘어날것 같은 재질이라
나중에 다 늘어져버릴까 걱정이네요"
https://www.musinsa.com/review/goods/1620237,손목 실밥 와에는 괜찮습니다. 디자인나 두께나 그냥 모두가 다 아는 일반적인 폴로 니트네요
https://www.musinsa.com/review/goods/1620237,손목이 저렇게 되어있네요... 저거 외에는 디자인이나 뭐나 괜찮습니다
https://www.musinsa.com/review/goods/1620237,"M 사이즈도 기장은 기네요. 넣입하면 해결.
니트가 엄청 잘 늘어날 거 같아 (특히 목부분) 입을때도 조심히 입고 벗을때도 조심히 벗어야 할 것 같아요.

목부분 얘기를 더 하자면 시보리는 없다 생각하시면 되고 안에 뭐 입고 입으실때 이너랑 니트 위치조정 안하면 후줄근해지니깐 입고나서도 은근 신경써줘야 하는 니틉니다. 

이쁘긴 이뻐요"
https://www.musinsa.com/review/goods/1620237,목라인이 원래 되게 넓은 것 같아요! 늘어나는 거 주의해서 입어야할 것 같습니다
https://www.musinsa.com/review/goods/1620237,"라지는 작아서 엑라갔는데 좀 크긴해요
목이 잘 늘어나네요"
https://www.musinsa.com/review/goods/1620237,원래 생각했던거보다 얇다는걸 빼면 괜찮습니다
https://www.musinsa.com/review/goods/1620237,너무너무 예쁘고 드디어 폴로 니트 샀습니다 비싸지만 폴로니까 좋아요
https://www.musinsa.com/review/goods/1620237,키178 몸무게 70인데 딱맞고 가격대비 비싸지만 이쁘고 좋아요
https://www.musinsa.com/review/goods/1620237,키178 몸무게 70인데 딱맞고 가격대비 비싸긴하나 이쁨
https://www.musinsa.com/review/goods/1620237,옷이 전반적으로 큽니다. 이쁘지만 역시 이 가격대의 퀄리티는 아닙니다.
https://www.musinsa.com/review/goods/1620237,이쁘긴 이쁜대 목부분이 좀 넓고 잘 늘어나요. 통은 괜찮은대 소매랑 기장이 너무 기네요 좀 아쉬움.. 180에 70이면 m사세여
https://www.musinsa.com/review/goods/1620237,사이즈 딱맞아요 만족합니다 폴로라 그런지 확실히 좋네요
https://www.musinsa.com/review/goods/1620237,"니트하나 필요했어서 샀는데 매우 만족스럽네요
다만 생각보다 어디입기 어려움ㅠㅠ"
https://www.musinsa.com/review/goods/1620237,와 진짜 이뻐요 니트 살거면 무조건 폴로 니트 사세요
https://www.musinsa.com/review/goods/1620237,릴렉스핏으로 떨어져서 여유가 있어서 예쁜데 목이 좀 많이 넓네요..
https://www.musinsa.com/review/goods/1620237,확실히 비싼만큼 소재도 좋고 핏도 예쁘네요 잘 입고 다닐 거 같아요
https://www.musinsa.com/review/goods/1620237,가을에 입을 스웨터 하나 괜찮게 구한거 같아요 따뜻하게 잘 입을게요
https://www.musinsa.com/review/goods/1620237,사이즈는 우선 잘 맞구 이쁜데 잘 늘어날꺼같아여
https://www.musinsa.com/review/goods/1620237,"보통 상의 110 입는데 적당히 잘 맞네요
부드러워서 이너 없이도 입을만 합니다"
https://www.musinsa.com/review/goods/1620237,옷은 너무 예쁘고 좋지만 사이즈가 어정쩡한 감은 있네요 라지가 생각보다 많이 큽니당
https://www.musinsa.com/review/goods/1620237,"급하게 샀는데 만족합니다!
사이즈는 넉넉하구요, 안에 셔츠 받쳐 입으면 좋아요"
https://www.musinsa.com/review/goods/1620237,생각보다 살짝 오버핏이에요 부드럽고 옷은 예뻐요
https://www.musinsa.com/review/goods/1620237,사이즈 안 맞을까봐 걱정했는데 잘 맞네요 다행히
https://www.musinsa.com/review/goods/1620237,"총장이 생각보다 안길어보여서 xl로 구입했는데 기장은 딱 엉덩이까지 오는데 팔이 진짜 길어요 두번 접어서 입었는데도 손목밑쪽까지오네요
재질은 까칠하지않고 부드러워서 면은 마음에 들어요 다음에는 조금 작은 사이즈로 구입해도 괜찮을거같아요"
https://www.musinsa.com/review/goods/1620237,폴로 전형적인 키이블니트입니다 재질도 어렸을때 입던 그재질그대로...입다보면 좀 늘어나는재질이죠~가격대비 만족하고 언제나 기본템^^
https://www.musinsa.com/review/goods/1620237,역시 폴로라 살짝 큰 감이 있지만 딱맞게 입지 않아도 이쁩니다!!
https://www.musinsa.com/review/goods/1620237,"역시 니트는 폴로 니트네요
자주 입고 다닐 것 같습니다."
https://www.musinsa.com/review/goods/1620237,"역시 폴로에요
좋은 가격에 좋은 상품 가져갑니다"
https://www.musinsa.com/review/goods/1620237,무난하게 입기 좋아요 따뜻하고 편해요 겨울용 니트 딱입니다
https://www.musinsa.com/review/goods/1620237,"배송도 빠르고 사이즈도 딱좋아요
올 겨울 따뜻하게 잘입을을수 있을것같아요"
https://www.musinsa.com/review/goods/1620237,굿 아바지가 좋아하십니다 근데 이 가격 주거 사는데 옷 퀄이 좀만 더 조앗으면 좋앗을것 같아용 ^!^
https://www.musinsa.com/review/goods/1620237,사이즈 낙낙하고 아주 좋아요 어느 코디에도 무난할거 같네요
https://www.musinsa.com/review/goods/1620237,폴로 니트 처음으로 사봤는데 오래 입을 것 같아요. 만족스럽습니다.
https://www.musinsa.com/review/goods/1620237,되게 이쁘고 사이드가 은큰 크게 나왔네요 소매가 길어요
https://www.musinsa.com/review/goods/1620237,배송이 빠르고 적립금 적립으로 저렴하게 구입했어요
https://www.musinsa.com/review/goods/1620237,사이즈도 딱 맞고 고급스러워요 고민은 배송만 늦출뿐이죠~~
https://www.musinsa.com/review/goods/1620237,한 사이즈다운하니깐 잘 맞네요 목 많이 늘어날거 같네요 조심해서 입어야겠어요
https://www.musinsa.com/review/goods/1620237,니트가 하나도 없어서 주문했는데 기본스타일로 코디하기 쉽고 너무 만족스러워요. 입었을때 핏도 이뻐요
https://www.musinsa.com/review/goods/1620237,170 이면 s가는게 맞아요 다들 넘 크게 입는거 같은디;;
https://www.musinsa.com/review/goods/1620237,굿 아빠가 조아하십니다 귯~~~ 조심히 예쁘게 입어야될것 강아용
https://www.musinsa.com/review/goods/1620237,"사이즈 100입는데 m하니까 맞아요

폴로감성좋구요
덩치가 좀 커보입니다
ㅎㅎ"
https://www.musinsa.com/review/goods/1620237,역시 폴로네요 색깔도 예쁘고 배송도 빠르고 좋습니다
https://www.musinsa.com/review/goods/1620237,"핏이 잘맞아요 
정품인증 큐알도 잘 됐고, 100사이즈 입는 분들은 딱 좋을 것 같아요"
https://www.musinsa.com/review/goods/1620237,근본니트 색감도이쁨 다만 넥라인이 짱짱하진않음
https://www.musinsa.com/review/goods/1620237,아주 좋습미다. 강추합니다. 딱 지금 계절에 좋아요!
https://www.musinsa.com/review/goods/1620237,제동생 선물이에요! 적립금 많이 줘서 좋았고 로고 이슈로 교횐신청 했는데 처리 속도 엄청 빨랐어요!! 입혀보니 이쁘네요! 추워지면 잘 입을듯 해요!
https://www.musinsa.com/review/goods/1620237,반팔은 라지 입지만 니트는 좀 늘어나서 미디윰 입어야할거 같아요
https://www.musinsa.com/review/goods/1620237,사이즈도 딱맞고 무신사에서 싸게 구매해서 좋습니다
https://www.musinsa.com/review/goods/1620237,폴로가디건 저렴하고 배송빠르게 잘 받았습니다
https://www.musinsa.com/review/goods/1620237,아주 굳입니다 가격만큼 아주 왼벽합니다 추천드려요
https://www.musinsa.com/review/goods/1620237,디자인이 마음에 들어요. 할인할때 싸게 구입했습니다.
https://www.musinsa.com/review/goods/1620237,지금까지 입어봤던 니트 중 1등입니다 이너로 아무것도 안입어도 촉감이 좋아요
https://www.musinsa.com/review/goods/1620237,폴로는 말해뭐할까요 사진이랑 똑같이 예쁩니다
https://www.musinsa.com/review/goods/1620237,폴로니트 말이 필요없어요!! 기본 디자인 너무 이뻐요!
https://www.musinsa.com/review/goods/1620237,"넥 라인이 맘에 안드는데 좋아용
비싸지만 ㅠㅠ 비싼값 하길"
https://www.musinsa.com/review/goods/1620237,목 늘어짐이 심한건 별로 못 느꼈고 이쁘게 잘입었습니다
https://www.musinsa.com/review/goods/1620237,역시 폴로 니트 너무 이쁘고 흔하지만 이뻐서 손이가요
https://www.musinsa.com/review/goods/1620237,너무 만족합니다. 퀄리티 좋고 자수 너무 귀여워용 잘 입을게요
https://www.musinsa.com/review/goods/1620237,이뻐요 폴로면니트 목잘늘어나긴하는데 이뻐서 샀어요
https://www.musinsa.com/review/goods/1620237,생각보다는 평범한 느낌 그래도 깔끔하고 좋아요
https://www.musinsa.com/review/goods/1620237,좋아요 역시 폴로네요 이쁘게 입겠습니다 다만 올이 나간부분이 있어서 아쉽네요
https://www.musinsa.com/review/goods/1620237,폴로 니트 베이직 역시 너무 좋아요. 심플 깔끔 자체네요
https://www.musinsa.com/review/goods/1620237,정말 싸게 잘 샀습니다. 배송도 빠르고 핏도 잘 나옵니다 한치수 작게 사셔야 맞을거 같아요 평소에xl입습니다
https://www.musinsa.com/review/goods/1620237,목 늘어나는거 말고는 이쁘네요 관리잘해서 입겠습니다
https://www.musinsa.com/review/goods/1620237,"아울렛에서 고민했던 옷인데 무신사 가격이 너무 좋아 바로 구매했어요
저렴하게 구매했습니다!!"
https://www.musinsa.com/review/goods/1620237,역시폴로 입니다 근데 목이 너무 잘 늘어나긴하네요
https://www.musinsa.com/review/goods/1620237,"폴로 케이블 니트!! 이미 많이 더워졌지만 스타일도 너무 이쁘고 두께감도 그렇게 두껍지 않아 좋은 거 같습니다!
사이즈는 다른 폴로 제품 대비지 조금 슬림하게 나온 거 같아요!"
https://www.musinsa.com/review/goods/1620237,"너무너무 마음에 들어요~ 왜 이제야 샀나 싶을 정도예요
사이즈 고민 많았는데 아주 딱이에요
잘 관리해서 오래오래 잘 입어보겠습니다"
https://www.musinsa.com/review/goods/1620237,"네이비 니트 찾다가 구매했어요
폴로 니트 예쁘네요 넥라인이 조금 커요"
https://www.musinsa.com/review/goods/1620237,"폴로 20년만에 입었는데 역시 이쁘네요~
팔 기장이 좀 긴거 빼고는 만족합니다~"
https://www.musinsa.com/review/goods/1620237,"할인할때 좋은가격으로 구매했습니다ㅎㅎ
핏과 소재 모두만족합니다~!"
https://www.musinsa.com/review/goods/1620237,역시 폴로답게 로고 감성이 너무 좋아요. 생각보다 소매 길이가 길어서 조금 놀랐어요. 기장도 좀 길어요
https://www.musinsa.com/review/goods/1620237,대란가로 구매해서 기분 좋아요 휘뚜루마뚜루 굳굳
https://www.musinsa.com/review/goods/1620237,기장더 충분해서 넣입하기 좋음. 휘뚜루마뚜루 굳굳
https://www.musinsa.com/review/goods/1620237,폴로 옷답게 팔이 좀 길긴하지만 색감 예쁘고 만족합니다.
https://www.musinsa.com/review/goods/1620237,적당한 두께감에 입고 나서 활동성도 좋네요. 잘 샀어요
https://www.musinsa.com/review/goods/1620237,선물용으로 구매했는데 너무 예쁘다고 하네요. 굿굿
https://www.musinsa.com/review/goods/1620237,사진보다 실물이 더 예쁘고 안에 셔츠를 매치하기 좋아요
https://www.musinsa.com/review/goods/1620237,포인트 니트나 기본 니트로 입기 좋아요 추천합니다
https://www.musinsa.com/review/goods/1620237,너무 맘에 들아요 ㅎㅎ 사이즈도 잘 맞고 색상도 예쁘네요. 블랙같아요
https://www.musinsa.com/review/goods/1620237,"이벤트로 저렴하게 사서 좋습니다
니트도 이뻐요"
https://www.musinsa.com/review/goods/1620237,이뻐요. 살좀빼면 좋겠네요 촉감도 부드럽고 오래입을옷
https://www.musinsa.com/review/goods/1620237,행사할때 질 구매했고 배송도 빠릅니다. 생각했던 핏보단 좀 타이트하네요
https://www.musinsa.com/review/goods/1620237,"역시폴로입니다! 거의매일입네요
그런데 목이쉽게늘어나네요"
https://www.musinsa.com/review/goods/1620237,남자 친구 선물로 사줬는데 키 174 기준 사이즈 적당하게 잘 맞아서 좋았습니다 색감이 예쁘고 질도 괜찮은거 같아요
https://www.musinsa.com/review/goods/1620237,잘입겠습니다 앞으로 폴로는 무신사에서 사야겠어요
https://www.musinsa.com/review/goods/1620237,제 사이즈에 라지가 딱이에요 생각보다 커서 작게 입으셔야 해요 옷 품질굿입니다
https://www.musinsa.com/review/goods/1620237,좋은 가격에 좋은 상품 받았어요 생각보다 부드럽고 색이 진해요
https://www.musinsa.com/review/goods/1620237,제 남자친구 사줬는데 좀 많이 길긷해요 저 근데 배는 나와서 또 맞는거같기고하고 기장만 길고 나머지는 다 맞아요^^
https://www.musinsa.com/review/goods/1620237,쿠폰으로 싸게 잘샀어요. 보풀이 좀 많이 묻어나오지만 이쁩니다
https://www.musinsa.com/review/goods/1620237,네이비에 가까운 어두운 색. 빨면 늘어날 것 같아서 걱정
https://www.musinsa.com/review/goods/1620237,"길이가 좀 길어요!! 그거 빼고는 아주 이쁩니다
다른색상도 구매할예정이에요"
https://www.musinsa.com/review/goods/1620237,배송도 빠르고 상품도 맘에듭니다 저렴한가격에 구매해서 좋아요
https://www.musinsa.com/review/goods/1620237,입었을때 더 이쁜 폴로 니트입니다 자주 입을 것 같아요
https://www.musinsa.com/review/goods/1620237,케이블니트는 처음인데 생각보다 편하고 저렴하게 구매할 수 있어서 좋습니다
https://www.musinsa.com/review/goods/1620237,쿠폰20프로에 적립금 선할인받아서 아울렛보다 저렴하게 구매함. 다른 리뷰에서도 그렇듯 정가에 사긴 아쉬운 퀄이지만 폴로는 폴로다... 사이즈 181에 76 살짝 넉넉함 m은 정핏나오는듯
https://www.musinsa.com/review/goods/1620237,"믿고 사는 폴로랄프, 늘 만족하면서 입고 촉감도 너무 좋아요"
https://www.musinsa.com/review/goods/1620237,"남자친구 선물 줬는데 사이즈 찰떡이라 좋았습니당. 
핏은 정핏으로 떨어지는게 제일 예뻐요"
https://www.musinsa.com/review/goods/1620237,사이즈 고민 많이 했는데 잘 맞아요~ 엑라하길 잘 한거 같아요 ㅎㅎ
https://www.musinsa.com/review/goods/1620237,잘 맞아요~ 남자 제품이 여자 제품보다 훨 질이 좋아요 ㅜ
https://www.musinsa.com/review/goods/1620237,뭐 사실 폴로케이블니트 길게말해서 뭐하나요 깔끔하게 입고싶을때 입어주면 그냥 끝나죠. 거기에 쿠폰할인받아서 샀으니 최고네요!! 사이즈는 제 스펙기준 M사이즈가 딱인것 같습니다!! 색상은 전형적인 네이비색이라고 보면될것 같아요!!
https://www.musinsa.com/review/goods/1620237,뭐 사실 폴로케이블니트 길게말해서 뭐하나요 깔끔하게 입고싶을때 입어주면 그냥 끝나죠. 거기에 쿠폰할인받아서 샀으니 최고네요!! 사이즈는 제 스펙기준 M사이즈가 딱인것 같습니다!!
https://www.musinsa.com/review/goods/1620237,네이비 컬러에 빨강 로고가 아주 이쁩니다. 소매랑 기장이 생각보다 길어서 놀랐어요. 빼서 입으면 길어서 넣입으로 입어야 할듯요.
https://www.musinsa.com/review/goods/1620237,"소재 좋고 부드러워서 착용감 좋아요
폴로 믿고 삽니더"
https://www.musinsa.com/review/goods/1620237,코튼소재라서 그런건지 옷에 힘이 없어요. 그래서 잘 늘어나고 한번 입었는데 목이랑 소매가 엄청 늘어났네요
https://www.musinsa.com/review/goods/1620237,너무너무 마음에 들어요~ 쿠폰으로 싸게 구매해서 좋아요
https://www.musinsa.com/review/goods/1620237,옷은 너무 예쁩니다! 레이어드해서 입으면 딱 좋을 두께감이에요.
https://www.musinsa.com/review/goods/1620237,"단점 보풀이 tr재질 슬랙스에 너무 많이 묻는다
장점 이쁘다 이쁘다"
https://www.musinsa.com/review/goods/1620237,폴로 제품 세일할 때 저렴하게 구매 해서 만족합니다
https://www.musinsa.com/review/goods/1620237,배송은 바로 보내주셔서 너무 빨리 받았구요! 소재좋고 부드럽습니당! 네이비라 무난 기본템이지만 어디에도 매치하기 쉽고 잘 입어질 옷입니당! 잘 산거 같아요
https://www.musinsa.com/review/goods/1620237,"어깨 넓고 팔도 근육형이라 안맞을까봐 엄청 걱정했는데 라지 딱임,,, 더 큰거 했으면 목 부분이 허벌이었을거 같음! 팔 살짝 길지만 조금 걷어 입으면 더 예쁨,, 헤 ㅎㅎ기본 무난템이지만 어디에 입어도 어울리고, 쉽게 입을 수 있으니깐! 잘 산것 같아용 봄에 잘 입을것 같아요!"
https://www.musinsa.com/review/goods/1620237,"니트라서 늘어날거 예상하고 딱맞게샀어요 좋아요
도움돼요"
https://www.musinsa.com/review/goods/1620237,"색상이랑 터치 좋습니다.
크게 나오니 한치수 작게 사는거 추천 드려요."
https://www.musinsa.com/review/goods/1620237,"색상이랑 터치 너무 좋습니다.
크게 나오니 한치수 작게 사세요."
https://www.musinsa.com/review/goods/1620237,사이즈가 크단 소리듣고 한치수 작게사니 딱 이네요.
https://www.musinsa.com/review/goods/1620237,"무신사에서 처음구매해봤습니다.
무엇보다 빠른배송에 놀랏구요. 꼼꼼한포장에
후기들을보고 구매하니 사이즈도 잘맞고 넘 좋았습니다. 재질도 고급스럽고 사진과 정말똑같습니다. 끌린다면 망설이지말고 바로 주문하세요. 후회하지않습니다."
https://www.musinsa.com/review/goods/1620237,니트라서 늘어날거 예상하고 딱맞게샀어요 좋아요
https://www.musinsa.com/review/goods/1620237,폴로 대표 기본템 니트네요 꽈배기가 이쁘고 좋아요
https://www.musinsa.com/review/goods/1620237,"안에 레이어드 해서 입기 좋아요, 간절기용으로 좋을듯"
https://www.musinsa.com/review/goods/1620237,"폴로에서 가장 유명한 케이블 니트가 가격이 너무나도 좋아서 참지 않고 구매했습니다.
배송도 빠르고 맘에 들어요.
봄 가을에 활용도가 좋을거 같아요"
https://www.musinsa.com/review/goods/1620237,"니트가 많아서 고민했는데 폴로 니트에 좋은가격이라 참지
않고 구매했습니다. 폴로에서 제일 유명한 니트인 케이블 니트 만족 스럽네요"
https://www.musinsa.com/review/goods/1620237,기장 사이즈가 한사이즈 다운해야 적당하게 잘맞습니다
https://www.musinsa.com/review/goods/1620237,엄마선물용으로샀어요 남성용이지만 넉넉하니 사이즈도좋고 잘맞아요
https://www.musinsa.com/review/goods/1620237,팔이 길어서 한 번 접긴 해야하지만 옷은 이쁩니다! 울캐시보다 그냥 울이 훨씸 나아요
https://www.musinsa.com/review/goods/1620237,폴로 사이즈와 팔 길이는 어렵지만 옷은 이쁩니다!
https://www.musinsa.com/review/goods/1620237,스웨터는 기장이 좀 있어서 한사이즈 작게 사시는걸 추천합니다
https://www.musinsa.com/review/goods/1620237,사진이랑 매우 유사합니다. 자주 입겠습니다. 좋아요
https://www.musinsa.com/review/goods/1620237,"남자친구한테 선물로 해줬는데 사이즈 고민하다가 L로 했습니당 사이즈 잘 맞고, 핏도 너무 이뻐요 ㅎㅎ"
https://www.musinsa.com/review/goods/1620237,역시 폴로니트입니다 정말이쁘고 꽈배기 니트 사고싶었는데 퀄리티도 좋고 만족하며 입고있습니다
https://www.musinsa.com/review/goods/1620237,만족합니다 기존 제품 낡아서 재구매했는데 좋네요
https://www.musinsa.com/review/goods/1620237,폴로 니트가 유명해서 구매했는데 아주 만족합니다
https://www.musinsa.com/review/goods/1620237,"이번에 구매했는데 가격도 좋고, 이쁩니다 너무 좋아요"
https://www.musinsa.com/review/goods/1620237,"20대부터 중년까지 다양한 연령대의 사람들이 입어도 잘 어울리는 클래식한 폴로 니트
네이비 색이라 그런지 다양한 색감의 팬츠에도 어울리는 것 같아요
​
캐주얼하고 스트릿한 무드에 맞는 옷은 아니지만 클래식하고 깔끔한 룩을 원한다면 비싼 가격대에 불구하고 한 번쯤은 장만하는 것을
추천드리고 싶어요
저는 가슴팍의 빨간 로고가 너무 이쁘더라고요!!! 
여러분 두 번 사세요 ㅎㅎ"
https://www.musinsa.com/review/goods/1620237,"상품 ㅠ 포장 상태 말고는 다 좋아요!!!
20대부터 중년까지 다양한 연령대의 사람들이 입어도 잘 어울리는 클래식한 폴로 니트
네이비 색이라 그런지 다양한 색감의 팬츠에도 어울리는 것 같아요
​캐주얼하고 스트릿한 무드에 맞는 옷은 아니지만 클래식하고 깔끔한 룩을 원한다면 비싼 가격대에 불구하고 한 번쯤은 장만하는 것을
추천드리고 싶어요!!
저는 가슴팍의 빨간 로고가 너무 이쁘더라고요!!! 
여러분 두 번 사세요 ㅎㅎ"
https://www.musinsa.com/review/goods/1620237,색감이 예뻐여 근데 털이 좀 묻어나고 코튼이라 얇아요
https://www.musinsa.com/review/goods/1620237,배송도 빠르고 사이즈도 마음에 들어요! 이전부터 사고 싶었는데 원하던 시기에 사서 좋고 다른 색상도 구매하고 싶네요!
https://www.musinsa.com/review/goods/1620237,좋습니다 재구매한 상품인데 상태 좋네요 만족합니다
https://www.musinsa.com/review/goods/1620237,쿠폰써서 원하던 제품을 저렴하게 구매해서 좋았습니다.
https://www.musinsa.com/review/goods/1620237,루즈하게 잘맞아요 아무데나 잘어울려요 맘에 들어요
https://www.musinsa.com/review/goods/1620237,실물이 더 맘에 들어요 너무 두껍지도 얇지도 않아서 좋어요
https://www.musinsa.com/review/goods/1620237,"폴로 모으기 하고 있는데, 니트류를 처음 접하게 됐습니다. 굉장히 마음에 들어요!! 옷이 너무 예뻐요! 야들야들 부드러워요"
https://www.musinsa.com/review/goods/1620237,사이즈도 딱이고 무난하게 이쁩니다. 마음에 들어요
https://www.musinsa.com/review/goods/1620237,셔츠 라지 입는데 니트도 라지가 맞는것 같습니다 근본 템 꿀매했어요
https://www.musinsa.com/review/goods/1620237,"옷 자체가 엄청 부러워서 착용감은 좋지만 정말 잘 늘어날 것 같은 불안감은 있어요
정가…는 좀 많이 아쉬울 것 같고 세일 기간에 잘 구매했습니다!
근본 라인업인 만큼 옷은 정말 예뻐요!"
https://www.musinsa.com/review/goods/1620237,너무 좋네요 좋은 가격에 잘 샀습니다! 역시 폴로네요
https://www.musinsa.com/review/goods/1620237,"폴로 니트는 워낙 말로고가 이뻐서 정말 만족스러워요!! 플러스
배송이라고 해서 배송도 엄청 빨랐고 가격도 할인 다 적용하니깐 너무 합리적이었어요!!"
https://www.musinsa.com/review/goods/1620237,폴로 할인할 때 구매해서 너무 좋았어요!! 목 늘어짐이 워낙 고질병으로 유명해서 그것만 조심해서 잘 입겠습니다!!
https://www.musinsa.com/review/goods/1620237,배송 하루만에 도착하고 쿠폰 사용해서 합리적인 가격에 구매해서 너무 만족합니다. 잘 입고 다니겠습니다.
https://www.musinsa.com/review/goods/1620237,소매가 조금 긴감이있지만 역시나 너무 이쁘네요.
https://www.musinsa.com/review/goods/1620237,폴로는.. 그냥 믿고 입어요넘 이뻐서 계속 손이 가네요
https://www.musinsa.com/review/goods/1620237,일단 배송 굉장히 빠르구 안감도 막 거친느낌은 아니여 그냥 입기든 괜찮을거 같아요
https://www.musinsa.com/review/goods/1620237,그레이 사보고 맘에들어서 재구매 넘 맘에 들어용
https://www.musinsa.com/review/goods/1620237,진짜 역대급 가격에 잘 구매했습니다 잘 입을게요
https://www.musinsa.com/review/goods/1620237,잘받았습니다.. 배송도 빠르구요.. 한번 입어보세요..
https://www.musinsa.com/review/goods/1620237,항상 구매하고싶었던 니트였는데 이번에 기분 좋게 구매해서 좋았습니다. 치노팬츠랑 매치하니 색도 이쁘고 잘 어울리네요
https://www.musinsa.com/review/goods/1620237,퀄리티 좋고 디자인도 굿입니다 오래오래 애용할래요
https://www.musinsa.com/review/goods/1620237,빨간 로고가 참 예쁘네요 잡ㄴ입겠습니다 감사합니다
https://www.musinsa.com/review/goods/1620237,"아주좋습미다~ 람쥐
나쁘지않습니다~ 람쥐 찓찍찍"
https://www.musinsa.com/review/goods/1620237,색깔도 예쁘고 촉감도 부드러워서 티 안 받쳐입어도 좋아요
https://www.musinsa.com/review/goods/1620237,이쁘네요 입기에도 편하고 어디든 잘어울리는것같습니다.
https://www.musinsa.com/review/goods/1620237,"역시 니트는 랄프 로렌이 좋네요 
맘에 들고, 추가로 브라운 색도 구매하고 싶어요"
https://www.musinsa.com/review/goods/1620237,역시 믿고 입는 랄프로렌!! 색감도 그렇고 전반적으로 너무 예쁘네요
https://www.musinsa.com/review/goods/1620237,어주만족합니다 깔끔 그 자체고 어디든 잘 어울림 추천
https://www.musinsa.com/review/goods/1620237,폴로 만의 감성이 제일 잘 나타나는 색상이라고 생각
https://www.musinsa.com/review/goods/1620237,"처음 사보는데 착용감도 나쁘지않고, 아직 실착하고 생활해보지는 않았지만 겉으로 봤을 때는 맘에 듭니다 ㅎㅎ
저렴하게 구입하게 돼서 좋네요"
https://www.musinsa.com/review/goods/1620237,너무 맘에 들어요 니트는 역시 폴로 랄프로렌이 최고
https://www.musinsa.com/review/goods/1620237,너무 이뻐서 손이 자주가네요 이쁘게 잘입겠습니다
https://www.musinsa.com/review/goods/1620237,"폴로 꽈배기 쿠폰 20%, 적립금, 토스할인 받아 저렴하게 구매했습니다. 
사이즈는 L인데 아주 잘 맞아요. 178cm, 79kg 평상시 XL인데 L이 맞네요. 178에 83까진 L 맞을거 같습니다. 
옷은 살짝 무게감 있고 핏은 일반핏입니다."
https://www.musinsa.com/review/goods/1620237,"20% 할인 쿠폰이 떠서 급하게 구매합니다

정가주고 사기에는 아쉬운 퀄리티기에...

하지만 그놈의 폴로 갬성으로 잘 입어볼께요

178/82 상체발달형인 저에게 XL싸이즈 정핏으로 

편안하게 잘 맞네요

그래도 폴로인데 봉다리에 달랑 배송오는건 조금 아쉽.."
https://www.musinsa.com/review/goods/1620237,"실물 보고 너무 예뻐서 주문했습니다. 
소재도 부들거리고 기본템이라 봄에 자주 입을 것 같아요"
https://www.musinsa.com/review/goods/1620237,이쁘네요. 어디든 입기에도 괜찮습니다. 가격도 괜찮고
https://www.musinsa.com/review/goods/1620237,좋아요 색도 예쁘고 사이즈도 예쁘고 여기저기 입기도 좋아요
https://www.musinsa.com/review/goods/1620237,선물해줬는데 넘 맘에 들어하네요 ㅎ 사이즈도 완전 찰떡이었어요…!!!! ㅎㅎ
https://www.musinsa.com/review/goods/1620237,남자친구 졸업선물로 줬는데 념 예뻐용 사이즈 찰떡!!!!!
https://www.musinsa.com/review/goods/1620237,"주문하고 바로 다음날 받았어요
더워지기전에 자주 입어줘야 겠네요
예뻐요"
https://www.musinsa.com/review/goods/1620237,"선물하려고 샀는데
받으신 분이 정말 좋아했어요
폴로 정말 최고예요"
https://www.musinsa.com/review/goods/1620237,보풀이 많이 묻어나긴하지만 편안하게 떨어지는 핏이고 부드러워서 좋아요~
https://www.musinsa.com/review/goods/1620237,블루 니트 고르고 찾다가 폴로 니트 구매했습니다.
https://www.musinsa.com/review/goods/1620237,남친 선물로 폴로 니트 사드렸는데 너무 좋아하시네요^^ 사이즈 저스트로 좋아요오옹..
https://www.musinsa.com/review/goods/1620237,남친 선물로 폴로 니트 사드렸는데 너무 좋아하네요^^사이즈 저스트로 좋아요
https://www.musinsa.com/review/goods/1620237,폴로 근본 그자체.. 사이즈감은 딱 110인듯해요 한사이즈 크다 생각하심 더ㅣㄹ드ㅛ
https://www.musinsa.com/review/goods/1620237,"원래 L사이즈를 입는데, 미국 기준으로 한사이즈 다운해서 입었습니다.
촉감이 부들부들하고 봄,가을,겨울에 범용으로 입기 좋을 것 같네요!"
https://www.musinsa.com/review/goods/1620237,디자인도 무난하고 데일리 아이템으로 딱 좋아요
https://www.musinsa.com/review/goods/1620237,포장이 좀 대충해서 와서 아쉽긴했는데 옷은 정말 감성지게 예뻐요.
https://www.musinsa.com/review/goods/1620237,사이즈 살짝 커요 두껍진 않아서 봄 가을 입기 좋고 겨울에 입으려면 두꺼운 외투 필수
https://www.musinsa.com/review/goods/1620237,휘뚜루 마뚜루 입기 좋아요 색감도 너무 마음에 듭니다
https://www.musinsa.com/review/goods/1620237,"이뻐요. 편해요!
다른옷과 매칭하기에도 너무 좋아요!"
https://www.musinsa.com/review/goods/1620237,쿠폰먹이고 저렴하게 구매해서 정말 만족합니다
https://www.musinsa.com/review/goods/1620237,아주아주 고급지고 예쁩니다 꼭사세요 색깔잘보시고 사세용
https://www.musinsa.com/review/goods/1620237,기장이 살짝길긴한데 좀 넉넉하게 입겠다 싶으면 사이즈 괜찮은것같습니다
https://www.musinsa.com/review/goods/1620237,지인 선물했는데 아주 마음에 들어하네요 감사합니다 즐거운 명절 보내세요
https://www.musinsa.com/review/goods/1620237,굉장히 편안하고 튼튼한 니트입니다 역시 폴로라는 생각이 듭니다
https://www.musinsa.com/review/goods/1620237,어느 코디에나 휘뚜루마뚜루 잘 어울려요 잘 샀어요
https://www.musinsa.com/review/goods/1620237,"사이즈 딱 좋고 소재도 부들 거리고 핏도 좋습니다
봄에 셔츠와 치노에 매치하면 이쁘겠네요"
https://www.musinsa.com/review/goods/1620237,저렴하게 구매했어요 배송도 빠르고 부들뷰들 뷰드러워요
https://www.musinsa.com/review/goods/1620237,데일리 최고의 니트입니다 망설인다면 고민하지말고 구매하시면됩니다
https://www.musinsa.com/review/goods/1620237,니트 근본 폴로 퀄 좋고 핏 좋습니다 구매 추천드려요 !
https://www.musinsa.com/review/goods/1620237,아주 좋아용 선물했는데 너무 좋아했어요!!!!!!! 이츠 굿
https://www.musinsa.com/review/goods/1620237,주말에 주문했는데 월요일에 도착했네요 배송빠르고 좋아요
https://www.musinsa.com/review/goods/1615829,낮에 입기에는 좀 두꺼운 느낌이 있지만 간절기부터해서 입기에 딱인거같아요!
https://www.musinsa.com/review/goods/1615829,재작년 XL구입햇지만 세탁시 줄임현상이 잇어 이번에 2Xl로 구입하니 딱이네요
https://www.musinsa.com/review/goods/1615829,배송도 빨랐고 두께도 두껍네요 살짝 큰느낌은 있습니다
https://www.musinsa.com/review/goods/1615829,안감이 부드러운 기모 재질이라 촉감이 좋아요. 겨울에 이너로 입고 싶어서 사이즈 딱 맞게 갔어요.
https://www.musinsa.com/review/goods/1615829,핏도 너무 이뿌고  무엇보다 요즘 날씨에 따뜻하고  좋네요 제멋 옷 자주 구입하려구요
https://www.musinsa.com/review/goods/1615829,승민이가 입어서 사봤어요! 기모 있는줄 모르고 샀는데 오히려 완전 부들부들하고 좋아요! 까슬거리는게 아니라 진짜 진열까지 잡아서 따듯하게 만들어줘서 진짜 너무너무 좋았어요! 세일할 때 샀는데 진짜 잘 산 것 같아요 168 기준 큰 감이 없지 않아요… 그래두 아방하게 입기 좋아서 추천 드려요!!
https://www.musinsa.com/review/goods/1615829,"똑같은 옷, 같은 사이즈로 구매해서 입었었는데 괜찮아서 딸이랑 같이 입으려고 또 재주문합니다. 따뜻하고 톡톡하니 좋아요."
https://www.musinsa.com/review/goods/1615829,사이즈 딱좋네요 ㅎㅎ 오버핏이 이쁘게 떨어지고 무난하게 입기 좋은거같아요
https://www.musinsa.com/review/goods/1615829,중학생아들~ 폭풍 성장중이라 L사이즈 샀어요~팔이 길긴 하지만 오버핏으로 괜찮아요~  이쁜 그레이라 두꺼워서 잘 입을 것 같아요
https://www.musinsa.com/review/goods/1615829,#학교 #체육복
https://www.musinsa.com/review/goods/1615829,무난무난 이너로 입기 좋은 후드티에요 잘 애용하겠습니다
https://www.musinsa.com/review/goods/1615829,"중1,
데일리로 주구장창 입고 다닙니다.
오버핏이라서 편하고 원단두툼! 저희 집은 건조기 막 돌리는데 아직 보풀 생긴건 없네요. 한겨울에도 잘 입을 것 같아요!"
https://www.musinsa.com/review/goods/1615829,"선물해줫는데 너무 마음에 들어해요

핏도 좋고 기모라서 따뜻하고 재질도 좋아요"
https://www.musinsa.com/review/goods/1615829,"집에 하나쯤 가지고 있어야되는 그레이 후드티
기모라 핏이 더 살아요"
https://www.musinsa.com/review/goods/1615829,도톰하고 이뻐요. 오버핏으로 입으려면 한치수 커도 괜찮을거 같기도 해요
https://www.musinsa.com/review/goods/1615829,옷 같은 후드만 네벌째 주문했는데 이번엔 엄청 쭈글쭈글x100인 후드가 옴. 사이즈도 원래 시켜서 입었던거보다 더 큰느낌.. 화가 잔뜩남
https://www.musinsa.com/review/goods/1615829,"사진상 색감보다 약간 진하고 앞주머니 봉제도 잘못되서 봉제라인이 수평이 아니라 사선으로 삐딱함...
안에 기모는 되어 있으나 평소 즐겨입는 뉴에라와 비교하면 세탁한번하면 죄다 들떠서 떨어져 나갈거 같음.
결론... 그냥 일할때 입어야겠음..."
https://www.musinsa.com/review/goods/1615829,막입기좋고 따듯해서 좋앗습니다 기본후드티러 짱
https://www.musinsa.com/review/goods/1615829,"리뷰 잘 안쓰는편인데 품질이 너무 형편없어서 남깁니다
안감에 먼지가 진짜 말도안되게 많이 묻어나요
검정색 이너 입고 입었는데 엄청나게 먼지가 많이 묻길래
한번 빨고나서 입었는데도 계속 날리네요
입었다가 벗을때마다 재채기나올정도로 먼지가 날리는데 이걸 입으라고 파는건지 진짜 이해가 안가네요
이정도 가격에 엄청난 퀄리티를 바란건 아니지만 적어도 기본은 해야죠...
딱 2번입고 갖다버렸습니다 가격보고 사시려는 분들 참고하셔요"
https://www.musinsa.com/review/goods/1615829,"오자마자 냄사나서 세탁했는데
허리시보리 다뜯김..
기분ㅈㅗㅈ망"
https://www.musinsa.com/review/goods/1615829,"쿠폰적용해서 좋은옷 잘 구매 했어요
도톰해요
재구매 의사 있어요"
https://www.musinsa.com/review/goods/1615829,"도톰하니좋네요
오버핏도 딱 좋구요
원단도 늘어짐이나 보풀 전혀없고 컬리티 미쳤어요
검정도 구매하러 갑니다"
https://www.musinsa.com/review/goods/1615829,실밥 나온곳 엄청 많고 기모고 많이 빠집니다. 다시는 안살거같아요. 올린 사진 말고도 엄청 많습니다. 그냥 안사시는 걸 추천함
https://www.musinsa.com/review/goods/1615829,후드 주머니부분의 원단이 다뜯기네요. 오래는 못입겠네요.
https://www.musinsa.com/review/goods/1615829,만족합니다.3냔전에입다가 뽀옹뺏는데 하나더삿습니다
https://www.musinsa.com/review/goods/1615829,후드가 너무 큼.. 그냥 안 입을 예정임 그냥 돈 더 주고 좋은거 사세요
https://www.musinsa.com/review/goods/1615829,너무 커요 저랑 스펙 비슷한 여성분은 절대 사지 마세요…
https://www.musinsa.com/review/goods/1615829,모두 완벽하고 좋았으나 세탁 후 줄어듬. 더이상 입지못함.. 본사에서 세탁후는 처리 불가하다함.
https://www.musinsa.com/review/goods/1615829,진짜 크다 두면정도는너끈히입을듯하뮤180넘는 남자들도 무지성으로 라지/엑라누르다가 ㅎ피보지 않길
https://www.musinsa.com/review/goods/1615829,진짜 개큼사이즈표확인안하고산내가땅그지지ㅠㅜ
https://www.musinsa.com/review/goods/1615829,"옷자체는 괜찮은데, 마감이 정말 최악입니다
실밥들이 나온건 기본이고 정리도 안되서 보냈네요"
https://www.musinsa.com/review/goods/1615829,아놔 역시 싼건 믿고 걸러야되나요? 검정 기모도 아닌게 흰티레이어드했다 흰티에 검정털때문에 버리고 손세탁하고 헹구는데도 계속 털이빠지는데 이런 진짜 욕나옵니다.
https://www.musinsa.com/review/goods/1615829,리뷰 안 쓰려다 너무 화나서 작성합니다 이때까지 살면서 이렇게 먼지가 많은 옷은 처음 봅니다 5번 세탁했는데도 먼지 뭉치가 옷 전체에 저렇게 많이 붙어서 입지도 못하고 버리게 생겼네요
https://www.musinsa.com/review/goods/1615829,마감 개별로에요 제멋은 싼값에 사는 거죠 뭐 마감 빼고 다 좋으니 괜차나요
https://www.musinsa.com/review/goods/1615829,"생각보단 두꺼워서 옷감은 만족하지만 마감상태가 정말정말정말 별로네요~~~ 제멋에서 작년에 후드티 두 개나 샀는데 그 때랑 똑같이 마감 정말 이름값하게 제멋대로 되어 있네요 ^^ 가격값하는 것 같아요
저거 실 잡아당기면 실 다 풀려요 이거 뭐 어떡해야 하나요?
그래도 뭐 나름 잘 입을 것 같아요~!"
https://www.musinsa.com/review/goods/1615829,보풀이 너무 많이 일어나는가같아요 제질이  영... 무신사에서 사면서 왠만하면 다입긴하는데 이건 너무 심하네요
https://www.musinsa.com/review/goods/1615829,옷은 괜찮은데 한번 사이즈 잘못보내서 교환하고 오는데 일주일 걸렸고 심지어 교환으로 온건 이상한 초록 형광펜같은거 묻어서 왔네요. 제발 검수좀 잘좀 해주세요. 최악입니다
https://www.musinsa.com/review/goods/1615829,빨면 완전 사이즈작아집니다 사이즈 하나 업하시길
https://www.musinsa.com/review/goods/1615829,"오늘 앞전에 언급 했듯이 속에 있는 기모 털이 엄청 날립니다

이런 털들이 날리고 옷에 묻는것도 문제지만

코로 입으로 다들어갑니다"
https://www.musinsa.com/review/goods/1615829,"옷이 도착해서 옷을 털고 입을려고 털어 보앗습니다 처음에는 먼진가..하고 또 털고 또 털고
작은보풀 털이 제가 입고 잇던옷에 다 묻어서 세탁기 한번 돌려서 입으면 괜찮겟다 싶어 세탁기 돌렷는데 처음나온 털들이 배수구를 막아버렷고
세탁후 혹시나 싶어 털어 봣는데 마르지 않은
상태에서도 털들이 날라 다닙니다 그래서 세번을 세탁 햇습니다 털은 계속 빠져나오고
여태 이렇게 보풀 날리는 옷은 처음보네요
한17년전 쇼핑몰 1만원짜리 기모 옷 같네요
기모라 보풀 날리고 털 빤진다는 말씀은 하지마세요 본인이 소장한 기모 후드티 많습니다
다른옷은 저렇게 안 빠져 나옵니다
핏은 이쁩니다 그래서 다른옷도 구매할려는데
고민중이네요 이건 아..증말 아닌데
요즘에도 이런 퀄리티로 옷을 만드나..
아..참 난감하네요
저런 털빠짐이 처음에 엄청 심햇고
두번째도 세번째도 계속 빠졋네요"
https://www.musinsa.com/review/goods/1615829,흠.상품을 받자마자 실밥이 뜯어져있네요 ㅎㅎ기분이 뭐랄까 새상품받았는데 실밥이 같이 동봉되어있요 어쩌면 좋을까요..
https://www.musinsa.com/review/goods/1615829,옷이너무 작아요 하실분들은 두사이즈 업 하셔야 할것같아요
https://www.musinsa.com/review/goods/1615829,"기본 밸런스를 무시한 너무 과한 오버핏 같네요. 
재질도 기대이하구요."
https://www.musinsa.com/review/goods/1615829,"옷은 예쁘지만 처음 나갔다왔는데 포켓 부분이 뜯어졌네요...
뭐 실수로 어디 걸려서 찢어진게 아니라 실밥이 풀리면서 뜯어졌어요...ㅠ"
https://www.musinsa.com/review/goods/1615829,예전에 후드가 괜찬아서 재구매하엿는데 이번엔 영 제품이 별로네요 마감이 너무 별로입니다 비추합니다
https://www.musinsa.com/review/goods/1615829,예전에 후드가 괜찬아서 재구매하엿는데 이번엔 영 제품이 별로네요
https://www.musinsa.com/review/goods/1615829,오래 기다려서 받았는데 마감이 너무 안좋네요 비추합니다
https://www.musinsa.com/review/goods/1615829,후드티가 두께도 있고 따뜻하네요. 사이즈도 딱 맞고 나쁘지 않아요. 근데 털이 너무 빠지네요. 그거말고는 다 좋아요. 그리고 안에 검은티를 입지 마세요. 세탁 후에도 똑같더라고요.
https://www.musinsa.com/review/goods/1615829,너무 커요.한치수 더 작게 입는거 추천드립니다.굿ㄱ수
https://www.musinsa.com/review/goods/1615829,"처음 받으면 우선 옷은 이뻐요
그런데 세탁을 할때마다 길이가 점점 줄어드네요
건조기 사용 안하고 자연 건조인데 ㅠ"
https://www.musinsa.com/review/goods/1615829,안에 보풀이라고 할까요?  옷입기전에 검은티셔츠 입고 그위에 옷을 입었는데 옷 벗고나니 검은옷에 하얀 보풀이 잔뜩 묻었어요 실망스러웠어요. 보풀때문에 더워도 못 벗고 다시 입었네요
https://www.musinsa.com/review/goods/1615829,"L사이즈 치고는 좀 작아서 박시한 느낌은 안납니다.
옷은 두툼하고 색감은 짙은 회색입니다.
다만 저렴해서 그런지 한 번 세탁하니 바로 보풀이 일어나네요."
https://www.musinsa.com/review/goods/1615829,"생각한거만큼 좋은 핏이 나오지는 안았어요
옷이 너무 두꺼워서 겨울에 밖에 못입을듯합니다"
https://www.musinsa.com/review/goods/1615829,옷이 너무 두껍고 입고 있을 때 좀 많이 올라가고 불편해요.. 따듯해서 그냥 추운 날씨에 입으려고 합니다
https://www.musinsa.com/review/goods/1615829,기모라서 그런지 모르겠지만 옷이 너무 두껍고 시보리가 너무 쪼여요. 그래도 따듯해서 겨울때 이거 위에 패딩 입으면 좋을 것 같아요
https://www.musinsa.com/review/goods/1615829,솔직히 좀 실망했습니다. 예상보다 엄청 두껍고 시보리가 엄청 쪼여요.
https://www.musinsa.com/review/goods/1615829,"같은 제품 블랙이랑 함께 구매했는데
사이즈가 다릅니다;;"
https://www.musinsa.com/review/goods/1615829,한 번 빨았더니 바로 줄어들음. 건조를 돌린 것도 아닌데.
https://www.musinsa.com/review/goods/1615829,옷은 이쁜거같은데 재질이.... 안에 기모가 털이너무빠져서 검은티못입어요 그리구 엄청날려서 재채기가 계속나네요 세탁해도 비슷한듯
https://www.musinsa.com/review/goods/1615829,많이 먼지가 날려요;; 빨고 뭘다해도 그래서 못입고있습니다
https://www.musinsa.com/review/goods/1615829,먼지가 장난 아니에요;; 오자말자 세탁하고 경악.. 옷도 쭈글쮸글
https://www.musinsa.com/review/goods/1615829,"긴팔원숭이처럼 보이고 싶으시면 사세요
왜 인기가 많은 건지 이해가 안가는 제품이에요
총장에 비해 팔이 지나치게 길고 
몸통에 비해 어깨가 넓어요 그래서 핏이 이상해요
저만 이상한가봐요
내가 특이한걸로"
https://www.musinsa.com/review/goods/1615829,기모도 두껍고 옷도무난하게 이쁘고 좋은데 먼지가 정말 엄청나네요 품질이 안좋은건지 털어도 빨래해도 끝도 없네요
https://www.musinsa.com/review/goods/1615829,"기모 맞나요ㅠㅠ 너무 얇아요...
얇고 커서 없어보인당... 이렇게 얇은 기모 처음 봐요
크고 흐물흐물한데 왜 다들 핏이 좋다는거지;;
재봉도 별로에요 대충대충~"
https://www.musinsa.com/review/goods/1615829,오버핏 후드티라고해도 크기가 너무너무 큽니다..
https://www.musinsa.com/review/goods/1615829,팔이 너무 길고 모자가 조금 커요 기장이랑 오버핏느낌은 좋습니다
https://www.musinsa.com/review/goods/1615829,총장이 너무 짧아서 핏이 애매해요 시보라 엄청 쪼여서 더 큰사이즈 사야할거같아요
https://www.musinsa.com/review/goods/1615829,"검정티레이어드해서 입었더니
기모털이 엄청 묻어남
검은티가 회색티 될듯"
https://www.musinsa.com/review/goods/1615829,"안에 검은티입고 입으니 티에 기모털? 이 엄청 묻어납니다,,
싼데 퀄좋네하고 입었는데 아니네요 ㅠㅠ
검은티가 회색티 될라캐요.."
https://www.musinsa.com/review/goods/1615829,"무신사에서 옷 자주 구매하는데요
사이즈도 좋고 옷 촉감도 좋고 핏도 좋아서
한번 빨았더니 안쪽에 기모인가요 ,,? 이 부분이
마감처리가 잘 못 되었는지 온 세탁기 안과 옷에 흰색 털들이 다 뽑혀가지고 난리가 났네요
기모가 들어간 제품 많이사서 세탁해보았지만
이런 경우는 처음이네요,,"
https://www.musinsa.com/review/goods/1615829,"기모인데반해 가벼워서 좋았어요 
기장길이도 원하던길이라서 좋았어요"
https://www.musinsa.com/review/goods/1615829,무난해요 막입기 편하고 까끔합니다 대충 입어도 어울리구요
https://www.musinsa.com/review/goods/1615829,일단 후드티 핏 중에서 제일 괜찮은 것 같고 편하게 이쁘게 입을 수 았을 것 같습니다
https://www.musinsa.com/review/goods/1615829,생각했던것보다 총장이 길고 오버핏인 후드였어요. 아우터랑 레이어드하려면 그만큼 큰 아우터를 입어야 예쁠 듯 하네요. 그래도 단독으로 입을 땐 편하고 나름 아방하니 이쁩니다
https://www.musinsa.com/review/goods/1615829,"생각보다 많이 크고 ㅠ두꺼워요!!!
한겨울에만 입을수 있겠메요 ㅠㅠ!!"
https://www.musinsa.com/review/goods/1615829,오버핏으로 하나쯤 있으면 좋아용~ 두꺼워서 환절기에 입으면 좋구요
https://www.musinsa.com/review/goods/1615829,옷너무너무 예뻐서 나중에 또 구먀해서 입을거같아요
https://www.musinsa.com/review/goods/1615829,오버핏이라고 보기엔 살짝 아쉬운듯 조금 더 컸으면 해요
https://www.musinsa.com/review/goods/1615829,오버핏이라고 보기엔 살짝 아쉬워요 조금 더 컸으면 해요
https://www.musinsa.com/review/goods/1615829,생각보다 많이 두껍고 따뜻한거 같아서 괜찮은거 같다
https://www.musinsa.com/review/goods/1615829,그냥 다 무난 하네요 ㅎㅎ 엄청 추천하지도 비추하지도 않는
https://www.musinsa.com/review/goods/1615829,제품 괜찮고 잘 배송 받어서 잘 입고 있고 괜찮은 제품
https://www.musinsa.com/review/goods/1615829,그냥옷도 딱 가격에 맞게 끔 되어 있고 싸지도 않고 비싸지도 않아요
https://www.musinsa.com/review/goods/1615829,믿고 사세요 엄청 좋은 후드티 입니다 구웃 좋아요
https://www.musinsa.com/review/goods/1615829,"따뜻하다고 합니다.
대신 좀 많이 커요~
그래서 등치가 더 왜소해 보여요"
https://www.musinsa.com/review/goods/1615829,"좀 커요~
제주 여행 갈 때 입으라고 사줬는데 크네요~"
https://www.musinsa.com/review/goods/1615829,생각보다 큼 젤작은사이즈 추천드림 기장은 잛음
https://www.musinsa.com/review/goods/1615829,"세로 길이가 좀 짧아요ㅠㅠ 엉덩이 덮는 길이를 원했는데 아쉬웠어용,,"
https://www.musinsa.com/review/goods/1615829,두께감도 좋고 사이즈도 잘 맞아서 편하게 입을거 같아요
https://www.musinsa.com/review/goods/1615829,"아 솔직히 완전 별로에요.. 기대 많이 했는데 ㅜㅜ
모자각이 너무 아쉽네요"
https://www.musinsa.com/review/goods/1615829,"건조기 사용할 생각하고 총 기장이 75라고 해서 넉넉한줄 알고 XL 구매 했는데, 건조기 들어갔다 나오니 70도 안되게 짧아졌네요...
다른 브랜드 제품들에 비해서 유독 전체적으로 많이 줄어드네요...
건조기 사용하시는 분들은 2치수 정도 크게 구매하시거나 해야 할듯요~
원래 오버핏 좋아하는데, 딱 맞게 입어야 겠어요~ㅎㅎ"
https://www.musinsa.com/review/goods/1615829,가격도 좋고 품질도 좋고 이런 제품 좋아요. 많이 파세요
https://www.musinsa.com/review/goods/1615829,옷이 가로로 커요.. 엉덩이 가려쥬는 후드를 생각햇는데 그렇진 않앗어욤..
https://www.musinsa.com/review/goods/1615829,데일리하게 착용할 수 있을 것 같아서 좋은 것 같네여
https://www.musinsa.com/review/goods/1615829,"마감처리가 조금 아쉬움.. 
옷은 두껍고 모자사이즈도 큼
자잘한 실밥이 많아서 대략 10군대는 자른듯"
https://www.musinsa.com/review/goods/1615829,데일리 하게 착용 할 수 있을 거 같아서 추천 드립니다
https://www.musinsa.com/review/goods/1615829,"크긴 한데 입었을때 묵직하고 탄탄해요
디테일도 좋아요"
https://www.musinsa.com/review/goods/1615829,생각보다도 옷이 더 큰 거 같아요ㅜㅜ 그래도 가격에 비해 만족스럽습니다
https://www.musinsa.com/review/goods/1615829,두껍고 박시하고 가격 개안코 잘입어볼게요오오
https://www.musinsa.com/review/goods/1615829,그냥 무난하고 안에 기모들어있어서 좀 더울수도
https://www.musinsa.com/review/goods/1615829,"많에 두껍운데 핏 이쁘게 잘 빠지고 좋습니다 
모자 핏도 미쳣구여"
https://www.musinsa.com/review/goods/1615829,나쁘지않고 그냥 후리하게입기좋은 무지후드티
https://www.musinsa.com/review/goods/1615829,"사이즈가 완전 커서 고민인데 
그래도 몇번빨면 줄어들겠죠??
따뜻합니다"
https://www.musinsa.com/review/goods/1615829,"딱맞게 입는 스타일인데 저한테는 생각보다 더 커요
옷은 좋음"
https://www.musinsa.com/review/goods/1615829,팔부분 마감이 너무 아쉽습니다 말려들어갔어요 그거빼곤 다 괜찮아요
https://www.musinsa.com/review/goods/1615829,아래로조금길고 모자가 엄청커요. 제가 오버핏을 잘몰라서 그런것 같기도합니다.
https://www.musinsa.com/review/goods/1615829,회색후드티 지인에게 추천받아 구매하였는데 재질은 좋지만 저에겐 좀 크더라구요 왜소하신분들은 사이즈 잘 체크해보셔야될것같습니다.
https://www.musinsa.com/review/goods/1615829,제가왜소해서그런지 오버핏 이 상품은 사이즈가 좀 크네여ㅠㅠ
https://www.musinsa.com/review/goods/1615829,"기장이 너무 길다는 느낌이에요. 여기에 레이어드까지하면 상체가 너무 길어보여서 다리 짧아보이는 느낌이 납니다. 
저와 비슷한 체형이신분들은 L로 가세요."
https://www.musinsa.com/review/goods/1615829,"핏이 어정쩡해서 맘에 쏙 들지는 않지만
깔끔하고 따뜻합니다!"
https://www.musinsa.com/review/goods/1615829,"핏이 저에겐 잘 맞지는 않지만
깔끔하고 좋아요. 잘 입겠습니다!"
https://www.musinsa.com/review/goods/1615829,"핏이 조금.. 이상해서 아쉬워요 ㅠㅠ
그래도 추울 때 잘 입을 것 같습니다!!"
https://www.musinsa.com/review/goods/1615829,약간 정사이즈로 구매했을때 작은 감이 없잖아 있어요
https://www.musinsa.com/review/goods/1615829,안에 기모라 따뜻하고 무난하게 입을 수 있어서 좋네요
https://www.musinsa.com/review/goods/1615829,기모쪽에 털이 너무 많이 묻어 나오네요 드라이클리닝도 한번했는데…
https://www.musinsa.com/review/goods/1615829,그냥 무난무난 근데 생각보다 너무 커서 당황햇다
https://www.musinsa.com/review/goods/1615829,배송도 빠르고 저렴하게 구입 했네요 아이가 좋아하네요
https://www.musinsa.com/review/goods/1615829,배송도 빠르고 질이 좋네요..아이가 이옷만입어요 다른색으로 하나구입하려고압니다
https://www.musinsa.com/review/goods/1615829,그냥 가성비려입기엔 나쁘진않음 근데 마르면 그냥 입지마삼
https://www.musinsa.com/review/goods/1615829,이 브랜드 후드티가 이뻐서 다른 종류로 2벌 샀는데 이건 너무 핏이 안예쁘네요ㅠ 그래도 잘 입는중이긴 합니다ㅠ
https://www.musinsa.com/review/goods/1615829,나쁘지 않음 안이 기모라 살짝 더움 가성비 좋은듯
https://www.musinsa.com/review/goods/1615829,옷 마감이 깔끔하고 이뻐요 잘산거 같아요. 마음에 듭니다.
https://www.musinsa.com/review/goods/1615829,다좋은데 세탁한번하고나니 건조기돌린거도아닌데 총기장이 엄청 줄었네요 ㅜㅜ 줄어들거생각하고 있는크게사시는게 나을거같아요
https://www.musinsa.com/review/goods/1615829,마음에 듭니다. 전투용으로 하나 더 구매예정입니다.
https://www.musinsa.com/review/goods/1615829,이뻐요 나중에도 재구매할거고 모든옷에 잘어울려요
https://www.musinsa.com/review/goods/1615829,"그냥저냥 입기 좋아요 디자인이나 핏보단
1,2 만원대 후드 느낌"
https://www.musinsa.com/review/goods/1615829,"그냥 막입기 좋아요 생각하던 핏은 아니데
그냥 1,2만원대 후드랑 비슷하네요 
막입는용"
https://www.musinsa.com/review/goods/1615829,기모원단이라 좋고 사이즈도 좋은데 안감 흰색 털날림... 역시 싸구려는 이유가있음
https://www.musinsa.com/review/goods/1615829,L사이즈 주문 상당히 오버핏으로 나와서 좋습니다 어깨부분이 다른 타사 오버핏보다 커요
https://www.musinsa.com/review/goods/1615829,무난하고 예뻐요~~ 남자가 입음 더 더 이쁠 듯 해용~ 너무 오버핏말고 적당한 오버핏이 더 예쁨
https://www.musinsa.com/review/goods/1615829,이때까지 입어본 후드중에 모자가 제일커요 ;; 그만큼 모자만 넘 커요ㅜ 기모이지만 탄탄하지는 않구. 싸게 전투용으로 입기에는 추천합니다.
https://www.musinsa.com/review/goods/1615829,이뻐요 뜨시구요 품도 적당하고 아무튼 이쁩니다
https://www.musinsa.com/review/goods/1615829,예전에 비해 기모가 얇아진것 같아서 많이 아쉬워요
https://www.musinsa.com/review/goods/1615829,후드 중에선 뇌게 좋은 거 같아요 기모라서 되개 더움
https://www.musinsa.com/review/goods/1615829,M사이즈 시켰는데 저한테 길이가 좀 짧았어요 l사이즈 살걸 후회되긴하는데 만족합니다
https://www.musinsa.com/review/goods/1615829,"옷괜찮아요
지금입기에는 좀더워요
감사합니다"
https://www.musinsa.com/review/goods/1615829,세탁한지 두번만에 보풀파티 열었습니다... 그냥 일년정도 입기좋은듯
https://www.musinsa.com/review/goods/1615829,기장이 살짝 짧은 감이 있어요 빨래를 하시고 옷 보관을 잘하셔야 합니다
https://www.musinsa.com/review/goods/1615829,"생각보다 픽이 좋아요 너무 만족합니다
다음에도 자주 이용할게요"
https://www.musinsa.com/review/goods/1615829,나쁘지는 않지만 가끔씩 착용할 것 같은 아이템입니다.
https://www.musinsa.com/review/goods/1615829,가격대비 좋은 옷 인것 같아요. 봄에 입기 좋을 것 같습니다
https://www.musinsa.com/review/goods/1615829,그냥 무난무난한 제품의 후드티산거같아요! 잘입겠습니다
https://www.musinsa.com/review/goods/1615829,"아주 맘에 들어합니다
기본템으로 무조건 갖고있길
기모가 약간 있고 가을엔 못입늘꺼같아요
초겨울용으로 추천드려요
길이감 적당합니다"
https://www.musinsa.com/review/goods/1615829,"나쁘지 않은 듯 해요

모자각도 살아있고 귀여운듯함"
https://www.musinsa.com/review/goods/1615829,.. 한번빨고 줄어듬 .. 제가 .. 뭔갈 잘못한걸까유... 그리고 통이 좁음
https://www.musinsa.com/review/goods/1615829,다 좋은데 모자가 너무 커서 살짝 우스꽝스럽습니다
https://www.musinsa.com/review/goods/1615829,두꺼워서 봄이나 가을 후기에 입기 좋을거같네요
https://www.musinsa.com/review/goods/1615829,사이즈도 좀 큰감이있는데 재질다체가 힘이있어서 부한감이있습니다 그래서 의도치않게 힙함보단 큐티큐티하다해야하나? 무튼 핏이랑 사이즈가 대만족은 아닙니다
https://www.musinsa.com/review/goods/1615829,처음에는 사이즈가 딱 맞았는데 한 번 빨래 하고나니 줄어들어서 작아졌네요... 아쉽습니다
https://www.musinsa.com/review/goods/1615829,"기모입니다~
오버핏이 이뻐요
하지만 안에 이너티에 엄청 무언가 묻어납니다"
https://www.musinsa.com/review/goods/1615829,기모가 두꺼워요. 한겨울 아니면 입지 않을듯해요
https://www.musinsa.com/review/goods/1615829,기모라서 실내에서는 너무 덥고 핏이 그렇게 좋지도 않고 그냥 싼값에 입는 감성
https://www.musinsa.com/review/goods/1615829,오버핏 후드 찾으시면 이거 괜찮은듯합니다 가성비 좋아요
https://www.musinsa.com/review/goods/1615829,사이즈도 오버핏느낌으로 딱 입기 좋았고 따뜻하네요
https://www.musinsa.com/review/goods/1615829,"딱좋아용 핏괜츔함
너무좋아따뜻하고 조음하힌"
https://www.musinsa.com/review/goods/1615829,사이즈랑 다 좋아요 굿입니다 많이파세요짱짱맨
https://www.musinsa.com/review/goods/1615829,L사이즈가 조금 큰편이 있긴하지마 오버핏하게 입을꺼라 ㅎ 상관없습니다~
https://www.musinsa.com/review/goods/1615829,"XL시켰다가 너무 커서 L로 교환했는데 기장이 짧았어요. 애매한 사이즈,,"
https://www.musinsa.com/review/goods/1615829,옷 빨았는데 수축성이 장난아니에요ㅠ 많이 작아짐 옷 자체는 괜찮아요
https://www.musinsa.com/review/goods/1615829,"오버핏 으로 쉐입 예쁘고 도톰하고 소재도 좋은데 어깨 봉제선이 터져있었어요...
수선해서 입고있음"
https://www.musinsa.com/review/goods/1615829,"마감이 안좋았으나, 그냥 입고있습니다
입을만합니다"
https://www.musinsa.com/review/goods/1615829,"너무 먼가 이상함
생각보다 머지?이럼
살짝 이상함"
https://www.musinsa.com/review/goods/1615829,적당한 오버핏에 두께감은 겨울에 입기 좋습니다
https://www.musinsa.com/review/goods/1615829,잘산거 같네요 ㅋ두껍고 겨울에 입기 정말 딱이네여
https://www.musinsa.com/review/goods/1615829,"배송이 2주나 걸리는걸보니 엄청난게 오겠구나
라고 기대한건
선물한 누나에겐 좀 미안할정도로 평범했습니다. 
보통크기 162 여자에게  약간 크대요"
https://www.musinsa.com/review/goods/1615829,"두툼하고 따뜻한데 소재가 그렇게 좋아보이지는 않네요. 그래도 가격생각하면 나쁘지는 않아요.
그리구 건조기 돌리면 한치수 이상 줄어드니 건조기는 약하게하거나 안하는게 좋습니다."
https://www.musinsa.com/review/goods/1615829,처음에 상품에 문제가 있어서 교환을 요청드렸었는데 교환도 빨리 되고 좋았어요 ! 핏은 나쁘지 않습니다
https://www.musinsa.com/review/goods/1615829,좋아요ㅎㅎ따뜻하고 편안하고 기모가제대로들어갓있어요
https://www.musinsa.com/review/goods/1615829,기모있어서 따뜻하고 가을 겨울에 입기좋아요 구멍이작아서 입을때 살짝불편
https://www.musinsa.com/review/goods/1615829,"팔이랑 어깨 전체적으로 크지만 생각보다 길이가 짧음
세탁 한번 했더니 줄어듬"
https://www.musinsa.com/review/goods/1615829,작은 아들이 직접 골라 만족하며 잘입고 다녀요 만족
https://www.musinsa.com/review/goods/1615829,생각보다 기장이 많이 짧고 두께감은 좋아요 모자도 크고
https://www.musinsa.com/review/goods/1615829,아들이 커보인다고합니다. 등치가 작아서 그런지 좀크네요
https://www.musinsa.com/review/goods/1615829,예뻐요 모양고 사이즈도절맞아요 잘입을께요 좋아요
https://www.musinsa.com/review/goods/1615829,생각했던거보다 엄청 커요~ 한사이즈 더 작게 구매했으면 이뻤을거같아요
https://www.musinsa.com/review/goods/1615829,"기모라 따뜻하고 두께는 도톰하니 좋은데
어깨는 넓고 밑위는 짧아서 맵시가 안 나요 ㅠㅠ"
https://www.musinsa.com/review/goods/1615829,팔은 적당한데 하단 쪽이 짧아서 사이즈 정사이즈보다 한 치수 크게 하는 게 나을 듯 싶어요
https://www.musinsa.com/review/goods/1615829,원했던 후드티 이고 색깔도 너무 이뻐서 마음에 듭니다 다음에 또 주문할게요!!
https://www.musinsa.com/review/goods/1615829,굳굳 무난하고 전체적으로 좋아요 좋아요 가성비 좋네요 근데 먼지 묻음 한번세탁하고입으면 괜찮아짐
https://www.musinsa.com/review/goods/1615829,"처음에 받았을때 아이거 먼지뭐꼬 했는데
한번세탁하고나니까 나브지않어 그리고 엄 무난무난 전체적으로 그리고 이십자이상적었다"
https://www.musinsa.com/review/goods/1615829,도톰하고 좋긴 한데 저한테 살짝 커서 그런가 어벙하고 가오리핏..? 같아서 잘 안 입게 돼요
https://www.musinsa.com/review/goods/1615829,"사이즈 크고 괜찮아요
옷에 질감도 되게 좋은거같아요"
https://www.musinsa.com/review/goods/1615829,"품은  넓은데  길이감은  짧아요.
손을 든다든지, 앞으로 숙이게됌  허리가  다나와서  손이 자꾸가게됩니다.
개인적으로  길이가 짧은거 빼면  맘에  듭니다."
https://www.musinsa.com/review/goods/1615829,팔쪽이 생각보다 더 넓고 어깨가 살짝 애매한 느낌입니다 잘 생각하고 사시길..
https://www.musinsa.com/review/goods/1615829,귀엽긴한데 생각보다 많이 컸어요 보풀도 쉽게 일어나요
https://www.musinsa.com/review/goods/1615829,귀여운데 생각보다 넘 컸어요 보풀도 쉽게 일어나고
https://www.musinsa.com/review/goods/1615829,두번정도 입었는데 소매에 벌써 보풀이 일어나기 시작했어요
https://www.musinsa.com/review/goods/1615829,기본 후드티같구 편하게 입을 수 있을 것 같습니다
https://www.musinsa.com/review/goods/1615829,데츠그레잇 오폴레이션 데츠그레잇 오폴레이션이라고 말할수있습니다라고 말할수있습니다
https://www.musinsa.com/review/goods/1615829,"평소 오버핏95, 일반적인 옷은 100사이즈로 입습니다.
(붙지 않고 적당히 넉넉하게 입는 스타일입니다.)

안에 셔츠 등을 입을 수도 있어서 약간 크게 산다고 L사이즈로 주문하였습니다.
생각보다 더 큰 것같네요. 교환은 귀찮고 몸을 더 키울 생각이라
나중을 생각해서 그냥 입을 생각입니다.
저와 비슷하시다면 m사이즈 추천드립니다."
https://www.musinsa.com/review/goods/1615829,굿입니다 사이즈 색상모두굿굿 번창하세요 두께도 좋아요
https://www.musinsa.com/review/goods/1615829,기모후드티가없어서 불편했어요  그리고 이게마음에속들어요
https://www.musinsa.com/review/goods/1615829,"적당히 오버핏 이고
기모들어가서 따뜻하고 좋어요"
https://www.musinsa.com/review/goods/1615829,약간 두꺼운편입니다.생각보다는 더 오버핏이네요..가격대비 그럭저럭 ..
https://www.musinsa.com/review/goods/1615829,살짝 작긴한데 예뻐요 운동나갈때 입는거 추천드립니당
https://www.musinsa.com/review/goods/1615829,"깔끔하니 모양 이쁘게 잘나온 후드인데 넥라인 제봉이 불량이라 교환할까 하다가 말았네요
가격이 착해서 만족스러워요"
https://www.musinsa.com/review/goods/1615829,오버핏이여도 키가 작아서 저한테는 너무 크네요
https://www.musinsa.com/review/goods/1615829,우선 사이즈가 너무 작은느낌이라 마음에 안들었는데 신난 마음에 택을 바로 떼버려서 교환도 못하네요 ㅠ
https://www.musinsa.com/review/goods/1615829,"가격대비 만족스러운 상품입니다 
배송이 느져 아쉽네요"
https://www.musinsa.com/review/goods/1615829,사이즈 딱맞고 다 좋은데 실밥에 뜯겨있는 부분이 있어서 마감이 조금 아쉬웠어요
https://www.musinsa.com/review/goods/1615829,기모라 따듯하고 색상도 예뻐요 기본템으로 무난합니다
https://www.musinsa.com/review/goods/1615829,"생각보다 크네요. 딱 떨어지게 입으시려면 하치수 작게 사는 것도 좋습니다,가성비는 괜찮구요"
https://www.musinsa.com/review/goods/1615829,"기모 맞나요ㅠㅠ 너무 얇아요...
얇고 커서 없어보인당... 이렇게 얇은 기모 처음 봐요
크고 흐물흐물한데 왜 다들 핏이 좋다는거지;;
재봉도 별로에요 대충대충~

오래 기다린 보람 없어요.
반품 귀찮아서 그냥 입지만
재구매의사 없음"
https://www.musinsa.com/review/goods/1615829,"오버핏이긴 하지만 저한테 약간 큰거 같아요
그래도 가격땜시 만족이요"
https://www.musinsa.com/review/goods/1615829,가성비 좋은 후드. 근데 너무 두꺼워서 아우터 입기가 힘들어요.
https://www.musinsa.com/review/goods/1615829,생각보다소재도만족스럽고핏도이뻐서잘입고있어요
https://www.musinsa.com/review/goods/1615829,정말 따뜻한 후드티 아주싸게 구매해서 기분이 좋네요
https://www.musinsa.com/review/goods/1615829,밑에 밴딩이 심해서 생각보다 불편해요 사이즈도 넉넉하진 않으니 하나 크게 사세요
https://www.musinsa.com/review/goods/1615829,색이랑 핏 다 맘에드는데 밑단이 너무 조이는것같아요
https://www.musinsa.com/review/goods/1615829,옷은 예쁜 편인데 딱 가성비 제품입니다. 주문 맞추려고 급하게 만든 느낌이 마감처리에서 느껴지네요. 팔 부분이 정말 길어서 입으면 곱창 여러겹 나요. 한국인 팔길이가 이렇게 길었나ㅋㅋ 그래도 가격 대비 만족합니다.
https://www.musinsa.com/review/goods/1615829,옷은 예쁜 편인데 딱 가성비 제품입니다. 주문 맞추려고 급하게 만든 느낌이 마감처리에서 느껴지네요. 그래도 가격 대비 만족합니다.
https://www.musinsa.com/review/goods/1615829,제가 생각했던것보다 훨씬 이쁘고 코디하기가 정말 쉽습니다.
https://www.musinsa.com/review/goods/1615829,옷은 예쁜데 라벨 불량으로 분류된 옷을 보내셨네요ㅠ옷자체 불량이 아니라 그냥 입기는하는데 꼼꼼한 검수 부탁드려요.소비자입장에서 기분 별로입니다.
https://www.musinsa.com/review/goods/1615829,무난하게 어디에나 입기 편리하고 좋습니다 좋은 재품인거 같아요
https://www.musinsa.com/review/goods/1615829,"팔에 소매부분이 부자연스럽고 좀 그렇네요
그런대로 입을만 합니다"
https://www.musinsa.com/review/goods/1615829,약간 무거운건 빼고 가성비 좋습니다 근데 사이즈 크니깐 참고하세요
https://www.musinsa.com/review/goods/1615829,벌룬핏이고요 생각보다 엄청 크지는 않아요 잘 입고 있습니다
https://www.musinsa.com/review/goods/1615829,팔이 너무 길어요!!!! 수선으로 어떻게 해볼 사이즈가 아니라 그냥 슈퍼갈 때나 입어야될 것 같아요 ㅜㅜ
https://www.musinsa.com/review/goods/1615829,괜찮은데 한번 빨면 먼지가 장난아님.. 그런것만 보완되면 차암 좋을텐뎅
https://www.musinsa.com/review/goods/1615829,옷에 얼룩이 좀 묻어 있네요.  교환 궈찮아서 그냥 입습니다.
https://www.musinsa.com/review/goods/1615829,이너로만 입기 좋은 후드티고 이거만 입으면 그저 그래요
https://www.musinsa.com/review/goods/1615829,"두툼하고 기본템이라서 활용성 높을것 같아요ㅎㅎ 
만족합니다"
https://www.musinsa.com/review/goods/1615829,Dkendhsnsbshd shdbdjeixnsjsndjsjs
https://www.musinsa.com/review/goods/1615829,모자도 커서 예쁘고 기모 들어가서 겨울에 따뜻하게 입을 수 있을 것 같아요
https://www.musinsa.com/review/goods/1615829,기모 있어서 입으면 따뜻하고 무거운 느낌도 전혀 없어요 가성비 후드티로 짱
https://www.musinsa.com/review/goods/1615829,오버핏 후드티로 딱 가성비 완전 좋은 아이템이에요
https://www.musinsa.com/review/goods/1615829,길이는 길어서 좋아요. 색도 괜찮습니다. 그런데 틈틈히 실밥이 너무 많이 나와있습니다. 그리고 옷을 처음 샀을 때 곰팡이? 습한? 냄새가 좀 납니다.
https://www.musinsa.com/review/goods/1615829,생각했던거보다 너무 어두워서.. 그래도 질은 앵간
https://www.musinsa.com/review/goods/1615829,무난하고 팔 부분이 너무 크고 길이가 짧아요 생각보다
https://www.musinsa.com/review/goods/1615829,생각보다 두껍고 팔이 약간 부자연스러워서 그렇긴한데 대체적으로 입을만한 옷같아요
https://www.musinsa.com/review/goods/1615829,두꺼움. 털빠짐 살짝있음 가성비는 좋음 고민한다면 추천
https://www.musinsa.com/review/goods/1615829,두껍고 기모빠짐이 조금있지만 가성비는 좋습니다 추천이요
https://www.musinsa.com/review/goods/1615829,아직 더워서 안입어봣어요 생각보다 무러워요오
https://www.musinsa.com/review/goods/1615829,기모빠짐 살짝 심함 두께는 적당하고 편함 가성비는 좋은것 같음
https://www.musinsa.com/review/goods/1615829,"오버핏은  아니네요 ㅠㅠ

오버핏으로  구매한건데...  색상  디자인은  대만족"
https://www.musinsa.com/review/goods/1615829,팔만 너무 김 벌룬핏 모자 큰 건 좋은데 팔 너무ㅠ웃김
https://www.musinsa.com/review/goods/1615829,"사이즈 엄청 엄청 크네요 
교환 귀찮아서 그냥 입으려구요! 
옷은 가성비 좋아요"
https://www.musinsa.com/review/goods/1615829,팔만 김 긴팔원숭이 같아요 모자 커서 조음 편한데 팔이 너무 길어서 좀
https://www.musinsa.com/review/goods/1615829,심플하고 막 입기 좋습니다! 베이직한거 좋아하시면 입을만함
https://www.musinsa.com/review/goods/1615829,가격에 비해 퀄리티도 괜찮고 사이즈도 넉넉해서 좋아요 모자각도 잘 잡히네요
https://www.musinsa.com/review/goods/1615829,"이거 세탁기에 한번 빨면 1~1.5 사이즈 다운되는듯 
다운 안되면 핏 이쁨"
https://www.musinsa.com/review/goods/1615829,"한번 빨고나니까 사이즈가 줄어들어요...
한치수 크게사길 추천합니다..."
https://www.musinsa.com/review/goods/1615829,적당한 오버핏 후드티구요 후드티 없으시면 꼭 사시는거 추천합니다
https://www.musinsa.com/review/goods/1615829,그냥 저냥 가성비. 후드가 너무크고 옷이 흐물텅함
https://www.musinsa.com/review/goods/1615829,이거 괜찮긴 한데 크게입는거 좋아하는데 오버핏이라해서 큰줄알고 샀다가 후회했음 한두사이즈 업하세요 큰거좋아하면
https://www.musinsa.com/review/goods/1615829,더 크게 샀으면 좋았을텐데 제가 실수로 M으로 사버렸습니다. 딱 맞게 사실분들은 딱 맞게사시고 큰거좋아하면 한사이즈 무조건업
https://www.musinsa.com/review/goods/1615829,제가 널널하게 크게입고싶었는데 사이즈가 딱 맞네요 더 크게 입고싶다면 한사이즈 업하세요 그냥 무난무난합니다
https://www.musinsa.com/review/goods/1615829,"생각했던거 보다 핏은 별로지만 
일교차가 큰 요즘에 입기 딱 이네요!"
https://www.musinsa.com/review/goods/1615829,"색깔도 이쁘고 좋은데 핏이 조금 많이 별로에요ㅠㅠ
기모라서 일교차 큰 요즘에 딱 이네요"
https://www.musinsa.com/review/goods/1615829,"모자가 엄청 크고 무거워요 
두께는 적당히 두툼하고 기모로 돼있어요"
https://www.musinsa.com/review/goods/1615829,"옷 짱짱함이 좋아요!
두께감도 좋아요!
디자인도 깔끔!"
https://www.musinsa.com/review/goods/1615829,"모자가 되게 크고 무거워서 잠깐 입고있는데도 어깨가많이 아팠어요
어깨 안좋은분들은 참고하세요"
https://www.musinsa.com/review/goods/1615829,생각보다 두껍고 오버핏 생각하시면 잘 맞을 듯 합니다
https://www.musinsa.com/review/goods/1615829,"후기 보고 별로 안 크겠거니 해서 샀는데 진짜 커요 .... 
어깨 선 자체가 안맞음 ㅠㅠ 오버핏 좋아하는데 ㅠㅡㅠ"
https://www.musinsa.com/review/goods/1615829,그레이후드티 어떤옷에도 잘어울리고 이쁩니다  최고에용
https://www.musinsa.com/review/goods/1615829,생각보다 너무 큰 것 같아요. 질이나 핏은 괜찮습니다.
https://www.musinsa.com/review/goods/1615829,목부분이 올라가있어서 불편해여 너무 오버해서 부담스럽기도 하구요.
https://www.musinsa.com/review/goods/1615829,목부분이 너무 올라온게 만든거 같습니다. 그거만 아니면 5점 드리는데
https://www.musinsa.com/review/goods/1615829,그냥저냥 만족해요 외출할때 자주 입을거 같아요
https://www.musinsa.com/review/goods/1615829,옷이 생각했던 거보다 널널 하고 기모감도 적당히 있어서 좋아요
https://www.musinsa.com/review/goods/1615829,미둠 삿엇는데 작아서 라지 삿는ㄷ 크네요..수축 되게끔해야겠네요
https://www.musinsa.com/review/goods/1615829,"기모인 만큼 따뜻하고 시보리가 딴딴해서 레이어드 하기 어렵고, 자꾸 올라가요."
https://www.musinsa.com/review/goods/1615829,"사이즈 넉넉해서 편하게 입기 좋아요
잘입겠습니다"
https://www.musinsa.com/review/goods/1615829,배송빠르고 재질좋고 사이즈 딱이오 또 살까 고민
https://www.musinsa.com/review/goods/1615829,어느정도 가성비좋게 만족하네요 다른색도 구입하고싶네요
https://www.musinsa.com/review/goods/1615829,가성비 나쁘지않습니다 조금두꺼워서 이너로는 사용하기 어렵습니다
https://www.musinsa.com/review/goods/1615829,오버핏으로나와서입기딱입니다 아주잘맞아요
https://www.musinsa.com/review/goods/1615829,색도 재질도 다좋은데 입고나면 털이 우수수...너무 붙네요 날리고
https://www.musinsa.com/review/goods/1615829,다 좋은데 색도 좋고 다좋은데 입고나면 털이 우수수.....
https://www.musinsa.com/review/goods/1615829,세일할 때 샀는데 싼맛에 입습니다 가성비는 좋아용
https://www.musinsa.com/review/goods/1615829,저번에 다른 색상 사고 나서 만족도 높아서 샀는데 좋네요
https://www.musinsa.com/review/goods/1615829,와이드 그자체 언제 어디서 입든 잘어울리고 편하다
https://www.musinsa.com/review/goods/1615829,다른거는 다 만족하는데 세탁하니까 길이가 좀 줄어듭니다
https://www.musinsa.com/review/goods/1615829,딱 좋아요 제가 평상시에 찾던 옷이에요! 스타일 하기 딱좋고 가성비 굿
https://www.musinsa.com/review/goods/1615829,"사이즈가 넉넉해서 너무 좋아요
잘 입도록 하겠습니다"
https://www.musinsa.com/review/goods/1615829,나쁘지 않아요 가성비 굿 이정도 가격에 이퀄리티면 좋은것 같아요
https://www.musinsa.com/review/goods/1615829,가격대비 좋아용 따듯합니당 무난하게 잘 입어용
https://www.musinsa.com/review/goods/1615829,"상품 사진 찍으려고 봤는데 앞 주머니 쪽에 파란색 점이 묻어있네요. 오염인지 원래 이런건지는 잘 모르겠지만 크게 신경쓰는 성격이 아니긴한데 기분이 살짝 그렇더라고요. 나머지 핏, 두께 등은 좋아요!"
https://www.musinsa.com/review/goods/1615829,엄청커요.. 팔길이가 많이 접히네요 그런데 후드모양은 이쁘게 잡히는게 장점입니다
https://www.musinsa.com/review/goods/1615829,정말 봄에 가법게 입기 좋을거 같습니다!! 타이트한 편은 아닌거 같아요!!!
https://www.musinsa.com/review/goods/1615829,좀 생각보다 많이 길어요 오버핏으로 생각해두 ㅠ 한사이즈 작게 사시는걸 추천드립니당
https://www.musinsa.com/review/goods/1615829,이쁘고 갠찬은데 아쉬운점은 제가 이거 네이비 색으로 샀었는데 동일한 사이즈 인데도 이건 네이비 보다 약간 작은거 같아서 이쉬웠어요
https://www.musinsa.com/review/goods/1615829,시보리가 짱짱하고 원단아 좋아서 자주잊게 되네요. 재구매 의사있습니다!
https://www.musinsa.com/review/goods/1615829,"이쁘진 않아요 못 입을 정도는 아닌데 참 애매함 차라리 다른 옷을 사세요
괜히 삼"
https://www.musinsa.com/review/goods/1615829,정말 괜찮은 가격에 사서 잘 입고 다니는거 같아요
https://www.musinsa.com/review/goods/1615829,오버사이즈로딱좋아요.단점은기모털이 많이 날리네요
https://www.musinsa.com/review/goods/1615829,팔이 진짜 길어요 그리고 가오리핏 건조기 돌리면 확 줄어요
https://www.musinsa.com/review/goods/1615829,"디자인, 기모 모두 마음에 드는데 주머니 모양이 맞지 않는 부분이랑 마감처리가 아쉽습니다..
그래도 편하게 입으려구요~"
https://www.musinsa.com/review/goods/1615829,디자인은 마음에 드는데 후드 주머니 방향이 안맞고 마감처리가 깔끔하지 않아 아쉽습니다..
https://www.musinsa.com/review/goods/1615829,"처음 옷 받았을 때 후드 주머니 양쪽 모양이 안맞아서 교환했는데 그전꺼보다는 낫지만 주머니가 가운데에 맞춰있지 않고 마감처리가 아쉽네요..
그래도 그냥 입으려구요~"
https://www.musinsa.com/review/goods/1615829,오버핏인 만큼 확실히 크다 생각보단 별로임 그냥그래
https://www.musinsa.com/review/goods/1615829,"오버사이즈로잘입을께요
넉넉한사이즈로좋아요"
https://www.musinsa.com/review/goods/1615829,사이즈는 오버핏 잘나오는데 털같은게 너무 옷에..
https://www.musinsa.com/review/goods/1615829,옷이 생각보다 더 커서 한 치수 작아도 좋을꺼 같아요
https://www.musinsa.com/review/goods/1615829,생각보다 작고 푸짐하고 두툼할줄알았으나 얇습니다 싼가격이라 그냥저냥 입고다닐만합니다
https://www.musinsa.com/review/goods/1615829,잘입고 다닐게요 두껍지만 입을만 합니다요 수고오
https://www.musinsa.com/review/goods/1615829,항상 잘입을개요 감사합니다 수고하세요 감기조심
https://www.musinsa.com/review/goods/1615829,"옷자체는 넘 퀄리티잇고 좋아요!!!!!
다만 어깨선이 넘 내려와서 여자가입기에는
어깡되는 늑힘 ㅠ"
https://www.musinsa.com/review/goods/1615829,"싸다
팔통이크다
보통의두께
평이한색감
이상임"
https://www.musinsa.com/review/goods/1615829,색감도 좋고 사이즈고 적당하네요 너무너무 이쁘고 좋아요.
https://www.musinsa.com/review/goods/1615829,새상품 상자 열자마자 잇는 이염 좋네요 열심히 파세요 얼룩진 옷 입을게요
https://www.musinsa.com/review/goods/1615829,새상품인데 열자마자 이염이 보이네요 좋네요 참
https://www.musinsa.com/review/goods/1615829,오버핏으로 딱 좋은데 옷에 이물이 묻어 있어요. 반품건인지 공장에서 묻은건지 검수 꼼꼼히 부탁 드려요.
https://www.musinsa.com/review/goods/1615829,"M 샀다가 마음에 들어하는 친구 건네주고 L 다시 사봤습니다. 그런데 이번에는 많이 아쉬운 제품이 왔네요. 후드 끈이 불량이라 곧 튿어질 것 같아요. 마감이 아쉽네요, 후드 앞단도 착용시 약간 비뚤어져요. 안감 기모 빠짐이 많이 심하네요. 건조기로 털기한 다음에도 묻어나요"
https://www.musinsa.com/review/goods/1615829,"M 샀다가 마음에 들어하는 친구 건네주고 L 다시 사봤습니다.
이번에는 많이 아쉬운 제품이 왔네요 
사진으로 남겨봅니다.
- 후드 끈이 불량이라 곧 튿어질 것 같아요
- 마감이 아쉽네요, 후드 앞단도 착용시 약간 비뚤어져요.
- 안감 기모 빠짐이 많이 심하네요. 건조기로 털기한 다음에도 사진처럼 묻어나요"
https://www.musinsa.com/review/goods/1615829,가슴은 넓은데 길이가 짧아서 활동할때마다 올라오네요;;
https://www.musinsa.com/review/goods/1615829,두꺼워 따뜻하니 좋습니다 소매통이 좀 넓어서 패딩에 끼입니다
https://www.musinsa.com/review/goods/1615829,진짜 너무 좋아요. 아들이 너무 즐겨입네요. 굳이 비싼 브랜드 필요없는 것 같아요. 엄마 입장입니다.
https://www.musinsa.com/review/goods/1615829,핏 사이즈 질감 모두 만족스럽습니다. 후드 부분의 모자가 상당히 큰편입니다.
https://www.musinsa.com/review/goods/1615829,배송이 조금 느렸지만 사진 그대로 이고 좋습니다
https://www.musinsa.com/review/goods/1615829,사이즈가 너무 크고 두꺼워서 입을때 불편하지만2만원대이고 색상이뻐서 괜찮아요
https://www.musinsa.com/review/goods/1615829,"옷은좋은데 실밥처리가 조금 아쉽네요
한두곳이 아닙니다.."
https://www.musinsa.com/review/goods/1615829,"봉재나 원단은 좋은거  같은데
팔통이랑 소매가 좀  길어요."
https://www.musinsa.com/review/goods/1615829,"사이즈 넉넉하고 두꺼워서 좋은데, 포장 뜯으면 먼지가 엄청나니 세탁하고 입어야 할 듯 합니다. 그리고 실밥이 좀 많이 나와있다는 점,,"
https://www.musinsa.com/review/goods/1615829,오버한 핏이 잘 나와서 좋아요 이가격에 이정도면 추천합니다
https://www.musinsa.com/review/goods/1615829,생각보다 밝지 않긴하지만 그래도 따뜻하니 좋아요
https://www.musinsa.com/review/goods/1615829,"원하던 핏이 안나오네요
키가 큰것도 아닌데 작아서 아는동생 줬어요"
https://www.musinsa.com/review/goods/1615829,두께감도 적절하고 핏더 이쁘게 잘나왔네요 잘 입을게요
https://www.musinsa.com/review/goods/1615829,"다른 후기들과 같이 사이즈는 크네요
워낙 오버사이즈를 좋아해서 전 만족합니다.
L size 했으면 좀 아쉬울 뻔 했어요

다만 전 옷을 한번 세탁 후 입는 편인데 
세탁하니 보풀이 벌써 조금 올라오긴 합니다. 
뭐 저럼한대는 다 이유가 있겠죠..?
싼 맛에 한 계절 딱 입으려고요!"
https://www.musinsa.com/review/goods/1615829,박시하게 입기에 좋아요 적당한 아래핏감도 좋고요
https://www.musinsa.com/review/goods/1615829,큽니다 그리고 패딩안에 입으면 모자가 원하는느낌으로 안되고 너무올라가있어서 아쉬워요
https://www.musinsa.com/review/goods/1615829,그냥 너무 좋아요 따뜻해여 입기 좋아요 사주새요
https://www.musinsa.com/review/goods/1615829,딱 제가 원했던 오버핏이예요 배송도 빠르고! 잘 입엤습니다
https://www.musinsa.com/review/goods/1615829,"크게 입으려고 큰 사이즈로 삿어요
딱 제가 원하던 느낌 
옷 재질도 좋습니다"
https://www.musinsa.com/review/goods/1615829,"전체적으로 크게 나왔는데 팔에비해 몸통 부분이 짧은데 그래도 이쁘다고 생각 할 수 있는 핏 인 거 같아요 근데 한 번 드라이 클리닉 맡기고 난 후로 몸통 부분이 너무 줄어들어서 다시는 안 입고 있어요,,;"
https://www.musinsa.com/review/goods/2144379,후뚜루마뚜루 입기좋아요ㅋㅋ
https://www.musinsa.com/review/goods/2144379,"키가 작은편이라서 뚱뚱해 보이진 않을까?
걱정했어요
근데..너무너무좋네요^^
키가작아보이지도않고 부해보이지도않아서굿!입니다.나
편안하면서 스타일도좋아요~
다른색상으로 구매도할예정입니다"
https://www.musinsa.com/review/goods/2144379,#집앞룩
https://www.musinsa.com/review/goods/2144379,사진은 대충 찍었지만 옷 자체는 이쁩니다. 세일에서 샀는데 기대 이상의 재질이기도 합니다 ㅎㅎ
https://www.musinsa.com/review/goods/2144379,172에 51키로 초딩6학년 아들이 주문해 달라고 해서 xL주문했어요 ~ 멜란지 그레이랑 네이비를 샀는데 네이비가 아주 초큼 더 예쁘네요.  중학생인척 하는 아들이 올가을에 잘 입었음 하네요.
https://www.musinsa.com/review/goods/2144379,172에 51키로 아들이 xL 로 주문했어요. 요즘 멋부리느라 정신이 없는 아들이 잘 입었음 하네요 .
https://www.musinsa.com/review/goods/2144379,이뻐요
https://www.musinsa.com/review/goods/2144379,"키171
체중53
라지주문.오버핏으로 입으려구요
길이만족
올겨울잘입을듯"
https://www.musinsa.com/review/goods/2144379,사이즈 좋고 편하네요
https://www.musinsa.com/review/goods/2144379,오자마자 바로 입어봤습니나 사이즈랑 핏 좋아여 가을되면 평소에입기 편할거같아요
https://www.musinsa.com/review/goods/2144379,겨울인데 당연히 기모제품이랑 섹션 나눠놓지 않아서 낭패본케이스 귀찮아서 환불은 안하고 안에 껴입고 대충입다 버릴예정
https://www.musinsa.com/review/goods/2144379,"일단 두세트구매. 상품은 괜찮으나, 그 어떤판매자보다 불친절하고, 문제발생시 갑질스런형태의? 상담합니다. 그냥 통보식? 문의하면 불친절답변? 2세트더사서 가족주려했으나 패스했어요. 저렴한만큼 서비스와 As에 대응하는 행동들이 매우저렴합니다. 기분나쁜 구매경험으로 남는 판매자였어요 / 물건은 중간은합니당."
https://www.musinsa.com/review/goods/2144379,배송은 늦게 도착한다고 해서 알고있었기에 기다려다 받음 배송왔을때 날씨가 더워서 입지못하고 두었다 10일이후 택을때고 입었을때 바지 오른쪽 앞허벅지쪽에 실이보임 자세히 보니 헤져서 실밥이여러개보임. 바지입고 어디 스치지도 넘어지지도 않고 잠깐입었는데 당황스러워서 고객센터에 문의글남김 답변없음 답답해서 고객센터에 전화했더니 하루종일 안받음 또 문의글남김 4일째 답변없음 무신사 가끔 잘 이용하는중인데 대처가 너무 미흡해서 완전 실망했다 앞으로 이곳에서 옷이랑 물건들은 못살듯
https://www.musinsa.com/review/goods/2144379,"아무리 싸도 그렇지 너무하네요.
후드티를 한약재랑 같이 넣고 훈연한것도 아닐텐데... 세탁을 두세번 해도 옷에서 이상한 한방 냄새가 폴폴 나요.
바지는 말해뭐해. 이 바지 입고 하얀색 양말 신으면 파란색 먼지 주렁주렁 달리는건 기본이구요. 입기만 하면 무슨 헨젤과 그레텔마냥 지나간 곳마다 파란 먼지가 떨어져 있네요. 기모 털에서 계속 이 먼지가 나와요."
https://www.musinsa.com/review/goods/2144379,멜란지랑 동일한사이즈를샀지만 얘는 작았어요 텍의 사이즈는맞는데 먼가 이상함
https://www.musinsa.com/review/goods/2144379,음…1~2번 입으면 보풀이 나는군요. 대강 편히입고
https://www.musinsa.com/review/goods/2144379,생각보다 좋아요 편하게 입고다닐듯해요 근데 살짝 큼
https://www.musinsa.com/review/goods/2144379,"가격대비 좋습니다
다만 오버하게 입을꺼몈 2치수 크게입으세요
빨래하고 건조기에 돌린거도 아닌데
엄청 사이즈가 주네요...
한해입고 놔줄듯.."
https://www.musinsa.com/review/goods/2144379,기모가 아닌데 기모라 키워드 걸어놓아서 기모인줄알고 삿어요 교환하기 귀찮아서 그냥입어요 키워드좀 정확히 해주세요
https://www.musinsa.com/review/goods/2144379,기모인지모르고 봄에 입기 좋다길래 샀는데 기모였고 아래는 그럭저럭한데 의에가 엉덩이를 거의 다 덮을 정도로 너무 오버핏이라 제 체형들은 고려해서 사야될것같습니다
https://www.musinsa.com/review/goods/2144379,"한번입고 나갔는데 바지 봉지선옆이 찢어져 있네요
너무 늦게입어본게 후회스럽네요"
https://www.musinsa.com/review/goods/2144379,옷은 이쁘고 너무 좋은데요 검수를 제대로 안하고 보내주셔서 빵꾸 뚫린 후드티가 왔네요 환불후 20일동안 기다리느라 정말 힘들었습니다...^^ 가뜩이나 예약 배송이라 겁나 기달렸었는데 옷은 이뻐요
https://www.musinsa.com/review/goods/2144379,등뒤부분이 불량으로 와서 교환신청을 하고 싶었는데 교환신청하는 곳을 못 찾아 그냥 입으려합니다. 상품확인을 잘 하시고 보내주세요.
https://www.musinsa.com/review/goods/2144379,"옷은 이쁘나 모자가 작아요.
두께감은 있어 따뜻합니다"
https://www.musinsa.com/review/goods/2144379,"이 브랜드 제품 처음 구매했는데 색감, 디자인 마음에 드네요."
https://www.musinsa.com/review/goods/2144379,조거팬츠는 여유있게 입는 걸 선호해서 바지는 상의보다 한치수 큰 갓으로 구매했는데 좋습니다. 그린이 퍼인트되는 컬러 고민했는데 다음엔 그걸로 구매하도록 하겠웁니당
https://www.musinsa.com/review/goods/2144379,너무마음에들어요 색감이 너무 제취향이에요 인생옷이네요^^7
https://www.musinsa.com/review/goods/2144379,배송이 빨라요 색감이 좋아요 합리적인 가격이에요
https://www.musinsa.com/review/goods/2144379,어두운 회색이고 쭈리라 후드가 힘이 없어요.. 모자 핏이 아쉽네요
https://www.musinsa.com/review/goods/2144379,사이즈가 좀 작게 나왔다는 후기가 있어서 사이즈 업 했더니 윗옷이 좀 크네요 바지는 넉넉히 잘 맞는데... 좋은 가격이라 좋네요...
https://www.musinsa.com/review/goods/2144379,L사이즈가 없어서 XL주문했는데 역시나 좀 크네요 그래도 바지는 넉넉하게 맞네요...
https://www.musinsa.com/review/goods/2144379,위옷은 많이 크고 바지는 넉넉하게 맞아요 그래도 입을만한듯...
https://www.musinsa.com/review/goods/2144379,사이즈도 괜찮고 그냥 막 입기 편한 거 같아요 굿굿
https://www.musinsa.com/review/goods/2144379,두께감이 어느정도 있을 거라고 생각했는데 받아보니까 생각보다 얇았고 가벼운 느낌이었어요
https://www.musinsa.com/review/goods/2144379,"밑위 길이가 애매,,해서 ㅠㅠ 친구 줬는데 뭔가 애매,,해요 ㄹ흑흑"
https://www.musinsa.com/review/goods/2144379,"색상은 진짜 원하는 네이비인데

옷도 재질도 좋고 좋은데

후드가 상세 사이즈 표기보다 작은거같아여,,,,ㅠㅠ 많이 작네요

상세 사이즈 보고 주문했는데 ㅠ 그래도 재질이 좋고 색이 이뻐서 걍 입으려구여~"
https://www.musinsa.com/review/goods/2144379,사이즈 괜찮고 두께감 괜찮네요 나중에 또 살 의향 있어용
https://www.musinsa.com/review/goods/2144379,제품 설명에 나온 사이즈보다 작은 느낌이라 제가 원하는 핏이 안나오더라구요 그래서 그냥 동생 줬어요
https://www.musinsa.com/review/goods/2144379,165/50 정도인 여자이신분은 사이즈 라지는 좀 큰편이니 미디움 추천드립니다
https://www.musinsa.com/review/goods/2144379,"옷배송도빠르고 조금 젊어보이는 감성으로  옷이 괜찮네요
~기모들은 제품 이 후드도 잘잡아주는듯 해요"
https://www.musinsa.com/review/goods/2144379,너무너무 좋아요! 완전편하구또디게 이뻐요 편하게 입기 좋아요ㅔ
https://www.musinsa.com/review/goods/2144379,무신사 블프로 구매한 금액으로 구매하는 것도 살짝 비싸다고 느껴집니다.
https://www.musinsa.com/review/goods/2144379,하자상품받았고. 교환처리에도 문제있어서 너무힘들었던 주문
https://www.musinsa.com/review/goods/2144379,"고딩아들이 편하게 잘입고 다닙니다
핏도 이뿌고 색상도 이쁩니다"
https://www.musinsa.com/review/goods/2144379,상의가 좀 얇은거 말구는 다 괜찮네요. 편하게 입으면 될듯 합니다.
https://www.musinsa.com/review/goods/2144379,따뜻하고 좋아여 다음에 또 다른 색으로 구매해도 후회 안할것 같아여
https://www.musinsa.com/review/goods/2144379,"오버핏이라 살짝크게늦겨집니다
편하게 입고있어요"
https://www.musinsa.com/review/goods/2144379,생각보다는 얇지만 넘 춥지 않은 겨울에 입으면 될 것 같아요
https://www.musinsa.com/review/goods/2144379,제품 좀 큰편입니다 제 스펙에 참고하시면 큰느낌 받아도 루즈하게 입을 수 있어오
https://www.musinsa.com/review/goods/2144379,올이 나가있습니다. 전체적으로는 마음에 드는데 교환 귀찮아서 그냥 입습니다..
https://www.musinsa.com/review/goods/2144379,"너무 어벙벙..
다들 살쪄보인데요 ㅠ
어깨는 적당하나
핏이라 할거없는.."
https://www.musinsa.com/review/goods/2144379,"쫀쫀하고 색감이 아주좋네요
잘입을게여 수고염"
https://www.musinsa.com/review/goods/2144379,"학원갈때 입으는데 편하고 좋아요 기모가 아니라 롱패딩에 입고 있습니다
상의는 저한테는 큰편입니다"
https://www.musinsa.com/review/goods/2144379,"이뻐요이뻐요
사이즈도 딱이에요
배송도빠릅니다"
https://www.musinsa.com/review/goods/2144379,"이뻐요
다른색도 다사거싶네요..
ㅋㅋ맘에듭니더
마니파세요"
https://www.musinsa.com/review/goods/2144379,"이뻐요 
사이즈도 딱입니다
제질도 좋습니다
마니파세요"
https://www.musinsa.com/review/goods/2144379,리뷰보고 바지는 m 상의는 l 했는데 바지가 좀 짧고 후드는 커요
https://www.musinsa.com/review/goods/2144379,"배송도 빨랐고 색상하고 디자인도 예뻐요
그런데 뺄래 몇번 돌리다 보니 보풀이 생기네요"
https://www.musinsa.com/review/goods/2144379,후드티는 예뻐요! 바지는 같이 입는거 아니면 안 입을거같습니다
https://www.musinsa.com/review/goods/2144379,위아래 사이즈 다르게 시켰는데 안예쁨요... 색도 먼가 흐리멍하고 입었을때 와 핏 예쁘다가 아니라 없어보여요... 퀄리티 그닥... 차라리 검정색이 나았을것같아요ㅠ
https://www.musinsa.com/review/goods/2144379,"상의는 초록색 하의는 그레이 샀어요
초록색이 제가 생각한 색감이 아니에요 ㅠ
하의는 엘 사이즈라 그런지 너무 큼"
https://www.musinsa.com/review/goods/2144379,바지 안에 털이 잘 묻어나와 세탁을 했는데 똑같네요
https://www.musinsa.com/review/goods/2144379,"색깔이 원했던 색감은 아니지만 디자인은 예뻐요
살짝 여유있긴한데 딱 이뿌게 루즈핏이네요 
배송도 빠르고 만족합니다"
https://www.musinsa.com/review/goods/2144379,싸이즈는 조금크고 바지가 길이가 길어요 물론 키가 작은탓도 있지만 다른 바지에 비해서 길어요
https://www.musinsa.com/review/goods/2144379,"사이즈
키 162 몸무게 64 평소사이즈 상의 M 하의 L~lx 입니다 
상품평 열시미 읽고 상의는 평소보다 한치수 크게!
하의는 그대로 시키라는 리뷰 보고 샀는데 너무 커서 상의는 M 으로 교환했고 하의는 넉넉해서 그냥 입기로 했어요
참고로 저는 오버핏을 안좋아하고 남녀공용 사이즈라서 큰거같아요 
상의는 엉덩이를 가릴수 있는 기장이고 바지는 엉덩이 헐렁하고 하비인 제 허벅지가 넉넉합니다
근데 바지 길이가  길지는 않습니다 세탁후 건조기에 돌려서 짧아졌다는 후기가 있으니 참고 하세요

재질
기모는 아니지만 두꺼운 면재질이라 가을 초겨울 입기 좋습니다

색상
화면이랑 동일하고 글씨가 진한 초록색이라 예뻐요
입었을때 핏도 이뻐요 

교환시 주의점!!!
상의만 교환하고 싶어도 세트상품이라 꼭!!! 두개 다 보내야 된다고 합니다 전 상의 사이즈 교환한다고 하나만 보냈다가 
교환철회 될뻔 했는데 자상한 업체가 양해 해주셔서 2주에 걸쳐 교환받았습니다^^;"
https://www.musinsa.com/review/goods/2144379,165cm에 51kg 후기보고 상의는 l사이즈 하의는 m사이즈 주문했는데 하의는 길이가 좀 짧은듯해요 ㅜ 상의는 큰 느낌이구요
https://www.musinsa.com/review/goods/2144379,가격이합리적이고 오래입을수있을거같아요 색깔도 이뻐요
https://www.musinsa.com/review/goods/2144379,따뜻하고 가격이합리적이고 오래입을수있을거같아요 색깔도 이뻐요
https://www.musinsa.com/review/goods/2144379,"리뷰보고 기모인줄 알았는데 기모아니고 얇아요.
택배확인하고 리뷰 다시 보니 기모 선택한 사람도 있던데 구매할때 선택란도 없었고 당연히 기모인줄 알았음.."
https://www.musinsa.com/review/goods/2144379,"리뷰에 기모라고 적혀있어서 샀는데 기모아님.
다시보니 기모 선택하는것도 따로 없네요.. 당연히 기모인줄 알았는데"
https://www.musinsa.com/review/goods/2144379,"너무 좋아요
배송도 빠르고 옷도 맘에들어요
따듯하구 좋네요 편해요"
https://www.musinsa.com/review/goods/2144379,예쁘고 좋았어요 사이즈를 잘 확인하고 사야할거같아요
https://www.musinsa.com/review/goods/2144379,커플 옷으로 입기 편하고 디자인도 너무 괜찮아요
https://www.musinsa.com/review/goods/2144379,"작아요. 작고 타이트해서 잼같아요 너무 딱맞아서..
상의 라지 하의 엠 샀는데 하나씩 위로 샀어야 했을듯요
체감상 상의 엠 하의 에스네요
오버하게 입으시려면 크게 사세요
원래 리뷰 안남기는데 너무 억웅해서 남겨요"
https://www.musinsa.com/review/goods/2144379,"무난하게 괜찮아요 후드티는 괜찮은데 바지 핏이 생각한거보다 별로에요,, 바지만 따로 입진 않을거같아용,,"
https://www.musinsa.com/review/goods/2144379,조카사줬는데 큽니다. 윗도리가 정핏으로 입기어려울듯하여 그냥 바지도크게입어야할듯요 M/M했는데 S/M히니야할꺼같네용 / 재질은 나쁘지않아요.
https://www.musinsa.com/review/goods/2144379,"하의가 생각보다 짧아요
한사이즈 업해서 사도 괜찮을꺼같아요"
https://www.musinsa.com/review/goods/2144379,"좀 두꺼워요
상의는 정사이즈로
하의는 사이즈업 해도되겠어요"
https://www.musinsa.com/review/goods/2144379,지금 날씨에 편하게 입고다닐려고 구매를 했는데 옷그타일은 좋지만 원단이 너무 두꺼워서 11월 쯤 되야 입을수 있을꺼 같아요
https://www.musinsa.com/review/goods/2144379,"가격대비 넘 괜챦은 옷 입니다
상의  무늬두 예쁘고  넘 잘삿어요"
https://www.musinsa.com/review/goods/2144379,"하의 포장이 억망으로왔ㅇㅓ요 찌져지고 너덜너덜하게
상의포장은 잘되어있어요"
https://www.musinsa.com/review/goods/2144379,입을만해요 근데 목 부분이 너무 넓어서 후줄근해보여요
https://www.musinsa.com/review/goods/2144379,간단하게 친구 만날때나 근처 나갈때 입기 좋아요
https://www.musinsa.com/review/goods/2144379,배송받고 바로 입어봤을땐 후드티가 엉덩이 다 덮고 바지도 너무 딱맞아서 길이가 좀 길었으면 하는 마음에 불편해서 바꿀까 했지만 그래도 재질도 두껍지 않고 부드러워서 입을만해서 잘입고 다닐거 같았는데 건조기 돌리니까 사이즈가 확 줄어들군요... 딱 한번 입은건데 바지는 입고나가기엔 늘었으면 했던 바지가 오히려 줄어들어서 너무 불편했고 상당히 어정쩡한 핏으로 변했구요 엉덩이를 다 덮고 좀 오버핏으로 잘 활용할거같았던 후드티는 엉덩이를 반만 덮어 동생꺼 뺏어입은 느낌이 났어요… 아주 맘에 들었었는데 정말 너무 아쉽네요.. 바지는 못입을거 같고 후드티는 이래저래 입을거 같아요 시간을 되돌리고 싶네요 첫번째 사진이 건조기 돌리기 전 이고 두번째 세번째가 돌린 후 입니다
https://www.musinsa.com/review/goods/2144379,바지가 생각보다 작아서 자주 입진 못했어요 따뜻해요
https://www.musinsa.com/review/goods/2144379,"기모소재가 아닌데도 생각보다 두꺼워서
초겨울에 입어도 무난할 거 같습니다.
상의는 한 사이즈 크게 하시고, 하의는 정사이즈로 하시면 될 거 같습니다.
제 키가 170인데 저한테는 바지가 좀 짧은게
아쉽습니다."
https://www.musinsa.com/review/goods/2144379,생각보다 타이트해서 널널한 핏은 절대 아님.... 교환하기 귀찮아서 그냥 입을예정 옷 자체는 이쁨
https://www.musinsa.com/review/goods/2144379,생각보다 타이트해서 널널한 핏은 절대 아님.... 교환하기 귀찮아서 그냥 입을예정
https://www.musinsa.com/review/goods/2144379,"맘에 들긴 한데 옷감이 좀 뻣뻣해요
그래도 만족스러워요"
https://www.musinsa.com/review/goods/2144379,후드는 얇은감이 있는데 바지는 두꺼운편인거 같아요! 세트로 입으니 귀여워요!
https://www.musinsa.com/review/goods/2144379,생각보다 후드핏이 어벙벙하고 어깨선이 안예뻐서 실망했어요.... 바지도 커서 한사이즈 줄이는걸 추천!
https://www.musinsa.com/review/goods/2144379,상의는 기모 하의는 논기모로 주문했는데 덜 다 기모로 된 제품이 도착했네요... 추워서 그냥 입습니다
https://www.musinsa.com/review/goods/2144379,"바지가  좀적게 나왔네요.
 바지는 한치수  크게 주문하세요."
https://www.musinsa.com/review/goods/2144379,"교환/ 환불 귀찮아서 안했는데,, 상의 주머니부분 마감처리가 잘못 되었는지 약간..! 뜯어저 있더라구여,, 좀 더 꼼꼼하게 검수해서 보내주셨으면 좋겠습니다! 이외 배송도 빠르고 기모도 두툼해서 따뜻하고 귀여워서 잘 입었습니다:)"
https://www.musinsa.com/review/goods/2144379,따뜻하고 넉넉합니다 뚱뚱한편인데도 사이즈가 넉넉해요
https://www.musinsa.com/review/goods/2144379,색이 생각보다 어두운 네이비예요 저만 이런지 모르겠는데 실밥이나 먼지 등이 너무 많이 묻어왔어요 그리고 마감도 엉망이에요……
https://www.musinsa.com/review/goods/2144379,"밑위가 짧아서 불편하고 상의 m 해도 될걸 그랬어요
빠니까 줄어들어요"
https://www.musinsa.com/review/goods/2144379,기모가 아닌데듀 옷이 많이 무거워요 ㅠ 그래도이쁨
https://www.musinsa.com/review/goods/2144379,배송 느려서 화딱지 나요 원래 엑스라지 시켰었는데 갑자기 재고없다고 황당하게함요
https://www.musinsa.com/review/goods/2144379,"제가 생각했던 것 만큼 사이즈가 크지 않았고, 딱 맞는 핏입니다. 일단 두껍지 않아서 집 근처나 집에서 입기 좋네요!"
https://www.musinsa.com/review/goods/2144379,하의는 괜찮은데 상의는 핏이 좀 그렇네요 옆구리? 길이가 짧아서 이상하게 작은느낌?
https://www.musinsa.com/review/goods/2144379,"가격대비 괜찮은거 같아요 
세탁후엔 목늘어짐과 바지길이 줄어듬"
https://www.musinsa.com/review/goods/2144379,"베이지색상 구매했어요
색감도 엄청좋고 따뜻해요
단점이 털빠짐이 엄청심해요"
https://www.musinsa.com/review/goods/2144379,후드티 총장 짧은거 생각해봐야함 제 체형과 비슷한 사람이 오버핏 노리고 입을 경우 낭패를 볼 수 있음. 후디는 여자친구 줬네요. 바지는 굿
https://www.musinsa.com/review/goods/2144379,상의도 하의도 너무 짧아요. 기모로 되있어서 따듯해요 그냥 집앞마실용
https://www.musinsa.com/review/goods/2144379,"상의 정핏95 넉넉하게 100 하의 30 
넉넉하게 입는거 좋아해서 크게 샀구요 그런데도 바지가 크긴하지만 흘러내릴정도는 아니라서 다행이였어요.
기모들어가 따숩고 도톰해요.
근데 바지 안쪽에 큰구멍이 있어서 깜짝놀랬구요. 교환하기 귀찮아서 그냥 제가 꿰맸어요. 이 점이 좀 아쉽고 다른부분은 다 괜찮습니다."
https://www.musinsa.com/review/goods/2144379,"기모안감이 있어서 따뜻한편이예요. 한번 빨았는데 크게 포풀도 안나고 괜찮은거 같아요. 저는 상의는 95를입고 하의는 30을입는데 편하게 입고 싶어서 크게 시켰는데 핏도 넉넉하니 좋습니다. 손목발목 쨍기는것없구요.
상의 시보리가 쨍쨍하게 힘이 있는편은 아니지만 입는게 큰 불편 함은 없는거 같아요. 모자도 큽니다."
https://www.musinsa.com/review/goods/2144379,"사이즈가 생각보다 많이 작고
총장도 많이 작은거 같습니다"
https://www.musinsa.com/review/goods/2144379,생각보다 두꺼웠고 핏은 마음에 들었어요 길이가 좀더 길었으면 해요
https://www.musinsa.com/review/goods/2144379,바지.. 밑위가 짧은편이에요ㅠ 운동할 때 편하게 입기엔 바지가 좀 불편할 수도 있겠어요
https://www.musinsa.com/review/goods/2144379,"사이즈가 넘 커서 엥? 했는데, 막상입어보니 이쁜 오버핏이라 입기 좋은거 같아요-:)"
https://www.musinsa.com/review/goods/2144379,길이가 생각보다 긴 감이 있습니다! L사실분들은 치수 한번만 더 생각해서 구매하시면 좋을거같아요
https://www.musinsa.com/review/goods/2144379,색이랑 다 괜찮아요 그런데 바지는 통이 좀 넓고 길이가 길어요
https://www.musinsa.com/review/goods/2144379,옷받고 입은지 몇시간도안돼서 실밥풀려서 바람 다들어옴
https://www.musinsa.com/review/goods/2144379,"박음질만 더 잘 되어있었다면 좋았을거같아요!!
옷은 따듯하고 부들부들하니 좋아요~"
https://www.musinsa.com/review/goods/2144379,옷은 톡톡하니 아주 따닷하고 좋아요 근대 바지 이음선? 박음질된게 손가락 한마디정오 튿어져있네요 ㅠㅠ 제가 늦게 개봉하고 입은터라 어쩔수없지만 옷은 이뻐용!
https://www.musinsa.com/review/goods/2144379,프린팅이 좀 약하긴 하지만 두께감도 좋고 크기도 딱 맞아서 좋아요
https://www.musinsa.com/review/goods/2144379,"남자친구꺼 선물 주려고 커플로 샀는데 제꺼는 괜찮았는데 선물주려고 자세히 봐서그런건지,, 오른쪽 팔 소매부분 구겨진게아니라 마감문제같은데 교환귀찮고 해서 그냥 구매확정 눌렀어요ㅠ 아쉽네요 제껀 완벽했는데.."
https://www.musinsa.com/review/goods/2144379,후드티 모자가 생각보다 작긴 한데 색이 이쁘네요
https://www.musinsa.com/review/goods/2144379,확실히 옷은 좋은데 배송이 너무늦네요 16일 기다렸습니다.
https://www.musinsa.com/review/goods/2144379,"남친이랑 커플로 맞춰습니다
오버핏이라는데 전혀 아닌 것 같아요 ㅎㅎ..
남친이 상의 평소에 M입는데 L을 시켰음에도 오버핏은 찾아볼 수 없습니다..
바지는 M하니까 딱 맞구요
남녀 공용이라 좀 크게나오지 않았을까 했는데 목은 좀 조이구요 통은 좁고 팔은 좀 깁니다
상의는 한사이즈 크게 하시는거 추천드리고
바지도 정사이즈 하세요~
그래도 따숩고 편하긴 해요 겨울에 종종 입을 것 같네요"
https://www.musinsa.com/review/goods/2144379,위에는 작고 바지는 엄청 크고 ㅋㅋ바지가 크네여 ㅋㅋ바지는 한치수 작아도 될듯
https://www.musinsa.com/review/goods/2144379,배송 빼고는 상품은 매우 만족스럽습니다 짱 이뻐여
https://www.musinsa.com/review/goods/2144379,"상품은 기모가 들어있어서 그런지 따뜻하고 좋아요
오래기다린 만큼 기대감도 컸는데
실밥정리는 후기에 들어서 원래 알았지만 
바지 안쪽에 형광펜 같은 자국이 묻어있네요 ㅠ
다시 교환하기도 그렇고 찝찝하긴 하지만 안쪽이라 안보이니 그냥 입으려구요"
https://www.musinsa.com/review/goods/2144379,배송 16일 걸렸습니다 옷은 잘 구겨지고 다리미로 잘 안 펴집니다 옷은 이뻐요
https://www.musinsa.com/review/goods/2144379,위에는 작고 아래는 개커서 이상함 .. 키 170 이하 여성분들은 비추
https://www.musinsa.com/review/goods/2144379,"보통 후드티 같은 경우 라지 입으면 박시하게 잘 맞았는데 이 후드티는 박시한 핏까진 아닙니다
허리 부분과 목 부분이 매우매우 탄탄해서 신축성이 없어요 구매하실 분들은 참고해주세용 하지만 전체적인 부분은 맘에 들어요 ^^"
https://www.musinsa.com/review/goods/2144379,"배송이 좀 걸리긴 했지만 이쁘게 입고 다닙니다
남친이랑 커플룩으로 좋아요"
https://www.musinsa.com/review/goods/2144379,"확실히 세탁하니까 위 아래 다 줄었네여ㅠ
윗옷은 빨고나니 어깨만 너무 큰 느낌이고
바지는 짧아져서 10센치 줄일꺼 5센치만 줄이면 되겠어요ㅋ"
https://www.musinsa.com/review/goods/2144379,"배송이 8일정도 걸렸어요
넘 오래기다려 취소할까 했는데
받아보니 색감도 핏도 맘에드네요
M사이즈 주문했는데 좀 많이 크긴해요"
https://www.musinsa.com/review/goods/2144379,상의는 정사이즈 딱맞게 나온거 같아요. 박시하게 입고싶으신 분들은 한 사이즈 업하시길 추천드려요!
https://www.musinsa.com/review/goods/2144379,배송이 너무 늦게와서 환불할까 했지만 안하고 받았네요...옷은 전반적으로 바음에 들어요. 하지만 상의를 L로 간게 가장 후회되요. 저정도 스펙이고 L입으면 세미오버핏정도로 나오고 xl로 가면 오버핏 나올거 같아요. 옷이 탄탄하고 기모도 부드럽고 다 좋은데 마감이 살짝 아쉽네요. 실밥이 여기저기 막 튀어나와있어요. 가성비를 고려하면 괜찮지만 조금 아쉬워요.
https://www.musinsa.com/review/goods/2144379,배송이 엄청 오래걸리긴했는데 나쁘지않아요 기모있어요
https://www.musinsa.com/review/goods/2144379,"다른분들 리뷰도 사이즈도 보고 했는데..
너무 큽니다.. 실측이 더 큰것같아요..
같이 주문한건 아직 오지도 않고 이 제품은 일찍오고 좀 의아하네요.. 딴것도 얼른보내주세요..ㅠ"
https://www.musinsa.com/review/goods/2144379,"로고가 조금 더 진한 와인색이었으면 좋았을 듯
후기에 정사이즈로 가면 작단 얘기가 많아서 한 사이즈 크게 샀는데 작게 사도 괜찮았을 듯 좀 벙벙함"
https://www.musinsa.com/review/goods/2144379,"기모가 없는 제품으로 샀고 생각 보다 얇아서 겨울은 무리고 탄탄한 느낌보다는 흐물흐물해서 핏은 이쁘게 떨어져요~
할인받아서 저렴하게 구매 했습니다~158/52 에 m구매 했더니 이쁘게 오버핏이 나오네요"
https://www.musinsa.com/review/goods/2144379,좀 얇은데 길이도 딱 이쁘고 편안하게 잘 입고 있습니다 바지는 사이즈업 추천드려요.
https://www.musinsa.com/review/goods/2144379,"후드티 색이랑 디자인이 너무 예쁘다ㅠㅠ
사진보다 실물이 더 녜뽀요"
https://www.musinsa.com/review/goods/2144379,할인 된 가격이면 살만 합니다. 정사이즈로 사도 괜찮을 듯 했네요.
https://www.musinsa.com/review/goods/2144379,옷이 너무 마음에 들고 이뻤어요!! 솔직히 처음 입었을때는 어? 생각한거 보다 좀 큰데? 이랬지만 계속 입다보면 귀염귀염하고 이뿝니당!!
https://www.musinsa.com/review/goods/2144379,제가 보기엔 너무 오버핏인데 아들은 좋아하네요. 172에 51키로 아들이 xL 골랐습니다.
https://www.musinsa.com/review/goods/2144379,스타일이 좋아요. 사이즈도 잘 맞고요. 번창하세요.
https://www.musinsa.com/review/goods/2144379,"배송빠르고 가격착하고 좋습니다!
커플이 입어도 이쁠듯"
https://www.musinsa.com/review/goods/2144379,가성비 지리네요 앞전에 잘못주문해서 새로주문햇는데 배송 빨라요
https://www.musinsa.com/review/goods/2144379,"사이즈L
혹시모를까해서 낙낙한걸로 시켰는데
길이가 길고 쫌 큽니다... 크면 큰데로 입고다님 되요ㅋㅋ
사진그대로구요  회색은 사진보다 좀 진합니다"
https://www.musinsa.com/review/goods/2144379,기모가 있어서 따뜻합니다. 한 번 빨았는데 마르고 나니 먼지가 많이 묻어 있네요. 계속 빨면 기모 먼지 없어지나요?ㅠㅠ 넉넉히 크게 샀다고 생각했는데 상의는 넉넉하고 바지는 같은 사이즈인데도 작게 나왔네요 바지는 상의보다 한치수 크게 구매 하시는거 추천합니다. 바지 고무줄도 짱짱 합니다. 조금 쫄리네요. 오트밀 색깔도 이쁘고 질감도 부드럽고 좋습니다 먼지만 해결된다면ㅠㅜ
https://www.musinsa.com/review/goods/2144379,기모가 있어서 따뜻합니다. 한 번 빨았는데 마르고 나니 먼지가 많이 묻어 있네요. 계속 빨면 기모 먼지 없어지나요?ㅠㅠ 넉넉히 크게 샀다고 생각했는데 상의는 넉넉하고 바지는 같은 사이즈인데도 작게 나왔네요 바지는 상의보다 한치수 크게 구매 하시는거 추천합니다. 바지 고무줄도 짱짱 합니다. 조금 쫄리네요. 오트밀 색깔도 이쁘고 질감도  부드럽고 좋습니다 먼지만 해결된다면ㅠㅜ
https://www.musinsa.com/review/goods/2144379,와우 와우 완전 좋습니다고민하지마세여 그로다간 사이즈가없어열
https://www.musinsa.com/review/goods/2144379,"편하게 입기 좋고 탄탄해서 좋습니다
헐렁한 느낌의 핏 입니다"
https://www.musinsa.com/review/goods/2144379,"상의 후드는 한 사이즈 업, 하의 조거팬츠는 정사이즈로 딱 이쁘게 입을수 있네요. 후드와 팬츠의 색상을 달리 했더니 같이 입어도, 따로 입어도 괜찮네요:) 검정 조거바지는 세탁후 작은 보풀이 생겨요ㅜ"
https://www.musinsa.com/review/goods/2144379,"후기를 참조해서 후드는 한 사이즈 업하고, 조거 팬츠는 정사이즈로 주문했는데 딱 좋았습니다. 색상도 이쁘고, 기모라 겨울에 교복처럼 입었네요:)  근데, 몇번 세탁했더니 바지에만 작은 보풀이 생기네요;"
https://www.musinsa.com/review/goods/2144379,키가 작은 걸 고려해서 입었을때에 길이가 나쁘지않은거같아요
https://www.musinsa.com/review/goods/2144379,작은사이즈 구입했는데도 넉넉합니다 편하게 입겠어요
https://www.musinsa.com/review/goods/2144379,디자인이 사진이랑 크게 다르지도 않고 색도 이쁘게 잘나왔는데 사이즈가 생각보다 녹널하지는 않아서 조금 아쉬웠지만 자주 입을듯!
https://www.musinsa.com/review/goods/2144379,아이고야 색상 잘 못 선택했는데 고냥 입오야지이 ~
https://www.musinsa.com/review/goods/2144379,L사이즈 할려고 했는데 사이즈가 없어서 XL사이즈 주문했어요 근데 XL사이즈도 넉넉하게 입을만하네요...
https://www.musinsa.com/review/goods/2144379,"사이즈 맞고 색감도 좋고 옷이 예쁘네요
배송도 빨랐어요"
https://www.musinsa.com/review/goods/2144379,"외출복으로 입기좋아요
운동할때도 셋트로입으니 
좋아요"
https://www.musinsa.com/review/goods/2144379,색상이 너무 마음에 들어요 원단이 탄탄해서 좋아요 저렴하게 잘 샀어요
https://www.musinsa.com/review/goods/2144379,아들 셋업으로 입히려고 구매 했는데 이쁩니다 잘 입을꺼 같아요
https://www.musinsa.com/review/goods/2144379,"세일가로 합리적 구매! 소재 좋아요~
다만 싸이즈가 너무 크네요.."
https://www.musinsa.com/review/goods/2144379,윗옷은 좀 크네요...바지는 세탁후에 좀 길이가 줄어든듯하네요...
https://www.musinsa.com/review/goods/2144379,배송도 빠르고 세일할때 저렴하게 구매했습니다
https://www.musinsa.com/review/goods/2144379,위 아래 세트라 같이 입어도 좋고 따로 입어도 좋아요.
https://www.musinsa.com/review/goods/2144379,"깔끔하고 담백해요 초겨울에 입기 좋아요 
다음에도 구매할게요"
https://www.musinsa.com/review/goods/2144379,"중1아이가 입었는데  맘에들어하고 색이 밝아서  얼굴이 환해보여요
바지는 길지는 않아요 폼은 넉넉하구요."
https://www.musinsa.com/review/goods/2144379,사계절용으로 가볍게 입기 좋아요. 다만 후드끈이 너무 길어서 줄여서 입어야할듯.
https://www.musinsa.com/review/goods/2144379,사이즈 넉넉하고 입기 편한 스타일이에요 배송은 빨랐어요
https://www.musinsa.com/review/goods/2144379,사이즈 넉넉해서 너무 이쁘고 좋아요. 좀더 큰걸 사도 좋을거같아요
https://www.musinsa.com/review/goods/2144379,약간 작은느낌이 없지않아있는데 충분히 가격대비살만한제품이고 편하게입고다닐수 있는것같아요
https://www.musinsa.com/review/goods/2144379,"저에게 길이는 좀 길어요 작은편이라 그런듯.
한싸이즈 작은것이 있음 하나더 구매하고 싶네요"
https://www.musinsa.com/review/goods/2144379,설연휴 세일로 더 저렴하게 구입하고 편안하게 잘 입기 좋아요
https://www.musinsa.com/review/goods/2144379,원하던 스타일의 원하던 그레이의 핏이었습니다
https://www.musinsa.com/review/goods/2144379,딱 적당하게 찾고있던 색상이였습니다. 이쁘고 좋아요
https://www.musinsa.com/review/goods/2144379,딱 찾고있던 색상에 무난하게 잘 입고있습니다. 좋아요
https://www.musinsa.com/review/goods/2144379,덩치가 있으신분들 강추 가성비 좋아요 옷감도 쏘쏘
https://www.musinsa.com/review/goods/2144379,배송도 빠르고 크기도 넉넉해서 편하게 입기 너무 좋습니다. 간절기에 입어도 무난한 두께에요
https://www.musinsa.com/review/goods/2144379,"저렴한 가격에 잘 입고다녀요~
편하고 좋아요.
두께도 적당합니다."
https://www.musinsa.com/review/goods/2144379,"초6아이 s사이즈 주문했어요~
도톰하니 면이 좋으네요~ 만족스러워요
상의는 좀 커보이지만..루즈하게 그럭저럭 입을만합니다.
시보리라 바지는 사이즈 적당합니다.
사실 밖에 나갈일 없는 요즘 아이들~추위도 안타고 기모보단 요런두께가 더 좋은것같아요
또 기모는 세탁후 동글동글 안감 변화로 민감하면 싫어하더라고요 ㅜㅜ
새학기에  실내생활하기  적당한것같아요~
후드만 입는 울집아이..후드 사는김에 한벌로 사니 더 이뻐보이네요~  아직 어둠의세계로 가기직전에 오트밀로 환해진 아이입니다."
https://www.musinsa.com/review/goods/2144379,설날이 껴서 그런지 배송이 좀 늦은 부분은 아쉬웠습니다 근데 택배사에서 하루만에 보내줘서 저번주내에 받을 수 있었어요 사이즈도 얼추 맞고 프리하게 나와서 그런지 활동하기에 너무 편합니다 오트밀 색상 되게 밝네요 잘 입겠습니다 감사합니다
https://www.musinsa.com/review/goods/2144379,"한겨울빼고 잘입을수 있을거같아요
가격대비 만족합니다."
https://www.musinsa.com/review/goods/2144379,"바지가 살짝 크긴한데 괜찮습니다
기모는 있는데 두꺼운건 아니에요"
https://www.musinsa.com/review/goods/2144379,제 체형에 m은 약간 부해보이네용😭 좀 얇아서 봄 가을에 많이 입고 다닐 것 같구 겨울은 추울 것 같아요! 바지는 하비인데도 충분히 맞았고 짧은 저에게도 길이 적당히 좋았습니당
https://www.musinsa.com/review/goods/2144379,"약간 아주 약간 바랜 검정입니다
기장에 비해 품이 작습니다"
https://www.musinsa.com/review/goods/2144379,"입어보고 활동해보지는 않았지만 매우 편할거 같아요 !
다만 편한기만 할거 같고..! 옷을 받았을때 원단인지 무엇인가 부족한 느낌을 받았어요 ! 그래도 잘입고 다녀보겠습니다 ~"
https://www.musinsa.com/review/goods/2144379,"배송은 빠르고 직접 받아 보니까~  생각한데로 
색감도 밝고 핏도 잘 맞고 두께감은 보통이고 촉감은 평범 합니다. 이 가격에 가성비 갑~^^"
https://www.musinsa.com/review/goods/2144379,"상의는 좀더 큰 사이즈로 할걸 그랬습니다.. 사이즈 선택에 미스가 있었고요.. 
바지가 편해 잘 입고 있습니다."
https://www.musinsa.com/review/goods/2144379,"후드티는 크게 입어도 귀여운데 바지가 남녀공용이다보니 통도 좀 크고 길이도 길어요ㅠ
그래도 예쁘고 질이 좋아요"
https://www.musinsa.com/review/goods/2144379,그린이랑 네이비 고민하다 그린 골랐는데 진짜 너무 귀엽고 예뻐요 바지는 좀 큽니다ㅠ
https://www.musinsa.com/review/goods/2144379,이쁘고 사이즈도 나쁘지않고 아무때나 입어도 편할거같아요
https://www.musinsa.com/review/goods/2144379,"선물한거라 사이즈걱정이좀있었는데
이쁘게잘맞고 컬러이뻐요 ㅎㅎ"
https://www.musinsa.com/review/goods/2144379,"컬러너무이쁘고 선물한거라 
사이즈 작을까봐쫌걱정했었는데
잘맞았어용 ㅎㅎ"
https://www.musinsa.com/review/goods/2144379,옷도 생각했던것보다 색깔도 예쁘고 너무 편해요. 그리고 입었을때 핏도 너무 좋고 배송도 빠르고 정말 좋습니다.
https://www.musinsa.com/review/goods/2144379,바지가 너무커요  상의만입게되서 색이바래진듯
https://www.musinsa.com/review/goods/2144379,세탁후 사이즈 줄어들거 생각해서 한 사이스 크게 주문하세요
https://www.musinsa.com/review/goods/2144379,색감너무너무 예뻐요 쿨톤인데도 안이상하고 그냥 완전 맘에 들었고 좀 아쉬운점은 조거팬츠 발목 시보리가 너무 쨍쨍해서 약간 좀 피가안통하는거 같아요
https://www.musinsa.com/review/goods/2144379,디자인이 깔끔하고 예뻤습니다 조거팬츠는 핏이 안 예쁘게 잡히더라구요 다른 건 다 만족합니다!!
https://www.musinsa.com/review/goods/2144379,"입은핏이 예쁘고 편해서 좋아요
배송도 빨라서 좋아요"
https://www.musinsa.com/review/goods/2144379,편하고 평소에 입기 좋아용 제 키 기준으로 바지가 좀 길긴 했습니다
https://www.musinsa.com/review/goods/2144379,그냥 무난합니다. 사이즈 선택을 잘 하셔야합니다
https://www.musinsa.com/review/goods/2144379,세탁 후 색빠짐은 없지만 사이즈가 조금 줄어드는걸 감안하고 사는걸 추천드려요
https://www.musinsa.com/review/goods/2144379,배송짱빠름!!! 근데 공용이라 s괜찮을줄알았는데 ㅎㅎ 바지는 조금 타이트해용 그래도 이쁨요..ㅎㅎ
https://www.musinsa.com/review/goods/2144379,셋업이라 입는데도 편하고 후드티만 따로 코디해도 좋아요
https://www.musinsa.com/review/goods/2144379,사이즈도 좋고 색감도 좋네요 할인 할 때 잘 산 것 같아요
https://www.musinsa.com/review/goods/2144379,"편하게
입을 옷 찾다가 세트로 구매했는데 예쁘네요 ~ 바지는 조거라 조금 올라가서 짧아보이는거고 내리면 기장 적당해요 
후드랑 바지에 줄이 좀 심히 긴거 빼고는 만족합니다"
https://www.musinsa.com/review/goods/2144379,이 브랜드 두번째 구입해서 입어요 좋아요 추천합니다
https://www.musinsa.com/review/goods/2144379,생각보다 커서 교환했는데 이쁘게 잘입을거 같습니다
https://www.musinsa.com/review/goods/2144379,저한테는 정사이즈보단 여유로운핏이었어요 다른옷들 라지시키면 오버핏이라 좀 컸었거든요 ~ 피부에닿는느낌이 좋구 편해서 맘에들어요 ~
https://www.musinsa.com/review/goods/2144379,둘다m사이즌데 위에는 딱맞고 아래는 좀 여유있어요
https://www.musinsa.com/review/goods/2144379,후드티는 사이즈를 잘못시켜서 딱맞고 바지는 조금 여유있네요
https://www.musinsa.com/review/goods/2144379,바지는 약간 애매하게 소시지같다랄까.. 전 상의가 더 맘에들었어용
https://www.musinsa.com/review/goods/2144379,양말안으로 기모털이 나와서 뒤집어 세탁했어요 그거 말고는 기장이나 핏 다 맘에 듭니다
https://www.musinsa.com/review/goods/2144379,후드는 커서 버려버렸고 하의는 좋아서 계속 입고있는 중이에요
https://www.musinsa.com/review/goods/2144379,일단 꾸안꾸로 입고 좋고 편하고 색감이 예쁩니다
https://www.musinsa.com/review/goods/2144379,핏 나쁘지 않고 색감도 괜찮습니다 세일 할때 샀는데 괜찮고 잘 입고 다닐것 같네요 만족스럽습니다 ^=
https://www.musinsa.com/review/goods/2144379,겨울에 입기는 어려울 것 같고 바지가 약간 작은 감이있네요
https://www.musinsa.com/review/goods/2144379,일요일날 시켰는데 화요일 오전에 온거 보면은 배송 빠른편 이예요 후드티 핏 괜찮고 바지는 이쁜 핏으로 입을려면 한사이즈 작게 주문하고 힙하게 입을려면 그냥 본인 사이즈 선택하시면 될고 같아요
https://www.musinsa.com/review/goods/2144379,"후드티 핏 이쁘고 배송 빨라서 너무 좋았어요
색깔도 사이트랑 똑같고 디자인도 심플하니 좋아요"
https://www.musinsa.com/review/goods/2144379,어디 나갈때면 거의 매일 입을 만큼 편해요:) 고정 출근룩
https://www.musinsa.com/review/goods/2144379,상의는 맞는데 하의가 짧아서 발목까지 올라와요 그거 말고는 다 괜찮고 예뻐요
https://www.musinsa.com/review/goods/2144379,"사이즈 정사이즈로 하시면 될 것같아요.
밑위길이만 살짝 길면 딱인데 그점만 살짝 아쉬워요.
집근처 마실갈때도 친구들 만날때도 편하게 입기 좋아요.
색감도 딱 좋고 실물보니 후기많은 이유가 있더라구요^^"
https://www.musinsa.com/review/goods/2144379,"남녀 공용이라 여자는 s로  구입하는게 좋을것같아요.
상의가 많이 크네요.."
https://www.musinsa.com/review/goods/2144379,"도톰하고 부드러워 좋고 바지 길이가 딱 맞아요.
상의는 많이 커서 박시하네요.
포장이 비닐로 왔는데 좀 찢어져서 기분이
좋지 않았어요."
https://www.musinsa.com/review/goods/2144379,"세일할때 남편과 세트로 입기위해 구매했습니다
얇기는 봄,가을까지 입를 수 있는 두께이고, 겨울에도 패딩 안에 입으니 괜찮았어요 너무 두꺼워도 외투 입기 힘드니깐요~
색상은 화이트멜란지라 멜란지여도 확실히 밝은 느낌이 있어요,  얼굴이 어두우신분(남편^^)은 조금 옷이 떠보일 수 있는데 저는 얼굴이 하얀편이라 잘어울리는 색상이였습니다
맨처음 배송 올때 약간의 오염이 있어 교환요청을 했는데 바로 교환해주셔서 잘 입고 있습니다
건조기로 돌리몀 확실히 줄어드니 그냥 건조하세요
탈탈 털면 구김도 없이 좋습니다"
https://www.musinsa.com/review/goods/2144379,"정핏을 좋아하는 아들인데 L사이즈는 많이 큽니다
옷은 기모라 따뜻하고 디자인은 예쁘네요
지난번엔 5만원대에 할인해서 샀는데 요번엔 6만원대에 구매해서 아쉬워요~"
https://www.musinsa.com/review/goods/2144379,"셋업으로 입을려고 구매했습니다 
막입고 다니기 좋아요"
https://www.musinsa.com/review/goods/2144379,그냥 굳굳 색감도 묘하게 다 잘어울리고 핏도 좋음
https://www.musinsa.com/review/goods/2144379,"블프때 여자친구랑 커플로 싸게 구매했네요. 
첨에 기모랑 논기모 있다고 해서 봤는데 기모인줄 알고 주문했는데 논기모더라고요 명확하게 상페에 적혀 있으면 좋겠네요 그래도 논기모지만 옷재질이며 만족합니다 생각보가 입었을때 논기모지만 따뜻함"
https://www.musinsa.com/review/goods/2144379,바지통이 약간 작은감이 있어요. 후드티는 만족스럽습니다.
https://www.musinsa.com/review/goods/2144379,위아래 색 다를까봐 걱정했는데 똑같아요!! 잘입을게용
https://www.musinsa.com/review/goods/2144379,"배송이 발라서 좋았고요
오버핏이라서 평소사이즈보다
한치수 작게 주문하시면 좋습니다"
https://www.musinsa.com/review/goods/2144379,"바지
사이즈를 좀더 큰거 구매했어듀 ㄷ핏이
이뻤을거 같아용"
https://www.musinsa.com/review/goods/2144379,"여기저기 편하게 입기좋아요
착용감도 괜찮고 얇기도 적당해요
다만 후드 사이즈 좀 큰느낌 있긴해서
작은거 샀음 작으려나 싶기도 하구
그래도 이뻐요! 블프때 잘샀어요 ❛ ֊ ❛"
https://www.musinsa.com/review/goods/2144379,"후기 보고 사이즈를 골랐는데, 2번 입어보니.. 갠적으로.. 
상의는 한사이즈업, 하의는 정사이즈가 예쁜거 같네요."
https://www.musinsa.com/review/goods/2144379,"도톰하고좋습니다
감사합니다
잘입을께요
감사욥"
https://www.musinsa.com/review/goods/2144379,제 키에 바지핏은 적당한데 상의는 요즘 크롭만 입다보니 너무커요 루즈핏으로 입으려구요
https://www.musinsa.com/review/goods/2144379,"궁댕이가 돋보인다
기모 예뻐서 기모아닌것도 샀는데 
기모인게 핏이 더 맘에 드네용
기모아닌건 안 살둣"
https://www.musinsa.com/review/goods/2144379,가격대비 나쁘지 않아여 위에 후드는 생각 보다 얇았어요ㅔ
https://www.musinsa.com/review/goods/2144379,하의는 받는데  몇주걸려서 배송이 너무느렸어요
https://www.musinsa.com/review/goods/2144379,"세트상품인데 제가 잘못구매해서 바지는
기모가아닌게왔어요. 후드티 기모는 완전 빵빵하고 천재질 두툼하고 두세번 세탁해서입어봤는데 기모가 뭉침없이 아주좋네요.
바지가 조금 아쉽습니다. 길이그 참 짧네요. ㅠ
길이가 원래 짧은 스탈로 나온건지 그런네요. 상품은 괜찮습니다"
https://www.musinsa.com/review/goods/2144379,멜란지 구매했었는데 괜찮아서 재구매했는데 그레이는 멜란지보다 약간 더 길고 얇은 느낌이에요
https://www.musinsa.com/review/goods/2144379,상품좋습니다 두세번세탁했으나 기모 뭉침도없고 그런데 바지가 좀짧어요
https://www.musinsa.com/review/goods/2144379,"기모있는윗도리는 두세번세탁했는데도 재질이좋은지 뭉침없고 외부재질도 탄탄하게 색변색없이 새것같아요.
바지는 좀짧은감이있습니다"
https://www.musinsa.com/review/goods/2144379,"중학생 아들 입었는데
색감도 좋고
두깨감이 있어서
겨울에 따뜻하게 입을꺼 같아요."
https://www.musinsa.com/review/goods/2144379,생각보다 바지는 짧지만 따뜻하고 편하게 입기 좋아요
https://www.musinsa.com/review/goods/2144379,"네이비 후드셋업이 생각보다 흔하지 않아서 

구매를 못했었다가 이번에 게인스브로에서 나온

후드셋업을 구매했는데, 색상이나 디자인은 마음에 들었었는데,

상의는 생각보다 크고 하의는 생각보다 정사이즈핏으로 나와서

하의만 한사이즈 업해서 교환했네요 ㅎㅎ

핏이 살짝 애매한게 아쉬웠어요...^^;;;"
https://www.musinsa.com/review/goods/2144379,색상은 똑같고 그런데 생각보다 얇아서 겨울에 집에서 입는거는 괜찮지만 밖은 힘들듯 배송은 보통이였어요 입고 활동하기에는 완전 편합니다. 사이즈 생각보다 루즈 해서 정사이즈 추천 드립니다
https://www.musinsa.com/review/goods/2144379,쎄일 할때 싸게 잘 샀네요 따뜻하고 좋아요 색감도 이뻐요
https://www.musinsa.com/review/goods/2144379,"배송도 빨랐고 옷 촉감도 너무 좋아서 만족했어요
다만 포장이 조금 아쉽네요"
https://www.musinsa.com/review/goods/2144379,배송도 빠르고 신랑 사주었는데ᆢ색상도 이쁘고 약간 박스스타일로 이쁘네요 기모가 아니라서 아쉽지만 요즘 계절에는 만족하면서 입고 있어요
https://www.musinsa.com/review/goods/2144379,옷은 좀 얇은감이 있는데 이쁘게 잘입고있어요. 전 좀 큰것같아요.
https://www.musinsa.com/review/goods/2144379,"색상은 화면과 동일하도 세탁후 변형이나 이런 아직 없네요.
이가격에 한벌 가겨대비 좋습니다.
다만 좀 크네요.."
https://www.musinsa.com/review/goods/2144379,바지는 널널하게 입고싶으시면 한치수 크게 입으시는게 좋아요. 위옷은 두께감은 좀 얆은거 같아요.
https://www.musinsa.com/review/goods/2144379,바지는 널널하게 입고싶으시면 한치수 크게 입으시는게 좋아요. 위옷은 두께감은 좀 얆은거 같아요. 바지랑 위옷이랑 두께감은 별 차이 없어요.
https://www.musinsa.com/review/goods/2144379,"생각보다 크지도않고 적당합니다 
아쉬운개 바지길이가 좀 길어도 될것같은 
한사이즈를 더 큰걸 살걸 그랬나봐요
그거빼고는 괜찮아요"
https://www.musinsa.com/review/goods/2144379,옷도 너무 마음에 들고 가격도 저렴하게 잘 샀습니다
https://www.musinsa.com/review/goods/2144379,"싸게 사서 편하게 잘 입으려구요. 기모를 사려했는데, 품절이라 못 사서 아쉽긴한데 이것도 나쁘지 않네요"
https://www.musinsa.com/review/goods/2144379,네이비색으로 무난 그 자체이지 그 이상 이하도 아니에요. 편한 츄리닝으로 입기엔 좋습니다.
https://www.musinsa.com/review/goods/2144379,"셋업이라 깔끔해 보이고, 기모가 아니라 그런지 두껍진 않지만 그래도 막 입거나, 코트같은곳에 입기 좋을 것 같아요."
https://www.musinsa.com/review/goods/2144379,"우리딸이 박싱사게입는데 이쁘데요 건조기 돌려도 변함없구요
두툼해요 
좋다구하네요"
https://www.musinsa.com/review/goods/2144379,좋은 가격으로 좋은제품을 만났습니다 ᆢ세일할때 저렴ㅎㄱ 잘 샀습니다 ㆍ
https://www.musinsa.com/review/goods/2144379,저렴한가격으로 잘구매한것같습니다 ᆢ 세탁후 건조기에 돌려도 주는거 별로 없이 잘유지합니다 ᆢ편한합니다
https://www.musinsa.com/review/goods/2144379,원단좋아요 ᆢ너무너무좋아요 ᆢ사이즈 넘 잘 맞습니다
https://www.musinsa.com/review/goods/2144379,"세트로 살려고 했는데.. 
길이도 색감도 다 마음에 들어요!"
https://www.musinsa.com/review/goods/2144379,"세트로 살려고 했는데.. 블랙이 아닌 다른색으로 ㅠ 세트 입고싶었는데..ㅠㅠ 
길이도 색감도 다 좋아요."
https://www.musinsa.com/review/goods/2144379,저한텐 좀 큰데 활동하긴 편해요. 재질이 부드러워요. 후드가 살짝 무거워서 모양을 종종 잡아줘야돼요.
https://www.musinsa.com/review/goods/2144379,커플템으로삿어요 편해요 트레이닝셋업  사이즈는 미스로 패스
https://www.musinsa.com/review/goods/2144379,"사이즈 작아서 더큰사이즈로구입하시는게 좋을거같아요

디자인 스타일좋아요.

저한테 작아서 와이프가 오버핏으로잘입고다녀요"
https://www.musinsa.com/review/goods/2144379,"입고 있는데 편하고 매일 입고 싶네요
쎄일하면 하나더 구입하고 싶네요 
쎄일할때 저렴히 구입  감사합니다"
https://www.musinsa.com/review/goods/2144379,"오버핏이라 그런지 옷을 착용했을때 사이즈 여유있고
움직임이 편하네요"
https://www.musinsa.com/review/goods/2144379,앞에 로고가 쉽게 잘 안 벗겨지고 제 체형에 약간 오버핏이었어요! 무난템으로 입기 딱 좋은 것 같아요 기모가 아니라서 한겨울에는 안에 꼭 껴입고 입어야할 것 같아오 !! 전체적으로 만족 🥹
https://www.musinsa.com/review/goods/2144379,"면이 기모가 아니라 조곰 아쉬워요 
힘있는 원단은 아니라 후드티는 조금 ㅠ 바지는 기장이나 조거라 귀여워요"
https://www.musinsa.com/review/goods/2144379,옷은 조금 크지만 세일해서 저렴하게 잘사서 잘입을거같아요
https://www.musinsa.com/review/goods/2144379,"오버핏인 줄 알었는디
그냥 레귤러핏인듯
L입었는데 그냥 정핏입니다.."
https://www.musinsa.com/review/goods/2144379,디자인이 너무 귀엽고 원하는 핏이여서 매우 만족이에요!!
https://www.musinsa.com/review/goods/2144379,디자인이 너무 만족이에용!! 셋업으로 입으면 너무 귀엽고 예뻐요 핏도 완전 맘에 쏙 들어요
https://www.musinsa.com/review/goods/2144379,배송 빠르고 사이즈 적당하고 재질도 나쁘지 않고 만족합니다!
https://www.musinsa.com/review/goods/2144379,후기가 좋아서 믿고 구입했는데 역시나 이유가 있었네요 소재좋고 디자인좋고 색상도 예뻐요 후드는 적당히 박시하고 조거는 길이가 조금긴데 괜찮아요 굿
https://www.musinsa.com/review/goods/2144379,후기가 좋은것은 이유가 있는것 같아요 한벌로 입으면 너무 이뻐요
https://www.musinsa.com/review/goods/2144379,배송빠르고 후드는 적당히 오버핏에 조거는 조금 길지만 만족합니다
https://www.musinsa.com/review/goods/2144379,우선 전체적으로 각이 안잡혀서 흐물텅해 보였구요. 특히 후드 각이 안잡히고 목 부분이 너무 두껍게 잡혀서(목 박음질~후드 끈) 조금 아쉬웠어요. 그리고 오트밀 색상을 나타내려는 과정에서 그런 것 같긴한데요. 바닐라빈처럼 회색이 콕콕 박혀있는 걸 표현하고 싶었던 것 같은데 회색 점이 아니라 걍 보풀같아요.. 처음에 받아보고 보풀이 많아서 중고로 착각할 뻔 했어요.
https://www.musinsa.com/review/goods/2144379,우선 전체적으로 각이 안잡혀서 흐물텅해 보였구요. 특히 후드 각이 안잡히고 목 부분이 너무 두껍게 잡혀서(목 박음질~후드 끈) 조금 아쉬웠어요. 그리고 오트밀 색상을 나타내려는 과정에서 그런 것 같긴한데요. 바닐라빈처럼 회색이 콕콕 박혀있는 걸 표현하고 싶었던 것 같은데 회색 점이 아니라 걍 보풀같아요.. 처음에 받아보고 보풀이 많아서 중고인 줄 알았어요
https://www.musinsa.com/review/goods/2144379,"오트밀 색감이 너무 예뻐요
바지는 엠보다 엘 사이즈를 사는게 이쁠것같아요 엠은 길이가 살짝 짧아요"
https://www.musinsa.com/review/goods/2144379,"남친이랑 폄하게
입으략 샀는데 아주편해서 안나가고 싶음"
https://www.musinsa.com/review/goods/2144379,커플룩으로 입으몀 귀염뽀짝 예쁜듯 놀러갈때 막입으몀 너무 편안한 꾸안꾸룩 완성
https://www.musinsa.com/review/goods/2144379,오트밀 색상이라 요즘 날씨엔 추워보이지만 패딩입고 입으면 따숩고 예쁜듯 해용 꾸안꾸
https://www.musinsa.com/review/goods/2144379,기모들은 제품이라규 생각하구 구매했는데;; 아니었네요 한겨울은 무리입니다 ㅋ
https://www.musinsa.com/review/goods/2144379,색깔도 예쁘고 가을이나 초겨울에 입기좋아요. 패딩안에입어도될정도로 얇아서 겨울에도 괜찮아요
https://www.musinsa.com/review/goods/2144379,색깔도 예쁘고 좋아요. 가볍게 입기도좋고 적당히 따뜻해요
https://www.musinsa.com/review/goods/2144379,"조금 얇아요
입는 사람 신체 특징 : 팔다리 길어벌임~
그럼에도불구하고 팔길이는 적당(팔 길이 잘맞는 옷 별로 없음)
바지 길이 약간 짧을랑 말랑
커플옷으로 입을라고 주문한건데 괜춘한구같아요"
https://www.musinsa.com/review/goods/2144379,이 가격에 셋업으로? 너무 좋았습니다 색감도 좋네요
https://www.musinsa.com/review/goods/2144379,바지가 완전 길고 허리 통이 커서 바지는 무조건 한 치수 작게 구매하시는 게 좋을 것 같아요 색감은 완죠니 사진 그대로고 이뻐서 만족은 합니당 근데 바지는 진짜 꼭 작게 사세요 제 키랑 비슷하시면 m사이즈나 s사이즈까지도 괜찮을 것 같아요
https://www.musinsa.com/review/goods/2144379,"배송도 빠르고 화면에 나온 색감이랑 비슷해요
세탁 후 아직까지 변형도 없고 편하게 잘 입고있답니다"
https://www.musinsa.com/review/goods/2144379,"이 가격에 싸게 득템했음
두께는 딱 보통같음
구냥 편하게 막 입기 좋음"
https://www.musinsa.com/review/goods/2144379,"조카사준건데 xl로 모두 구매하고싶었으나 품절이라 후드는 라지로 구매했는데 실측사이즈봤을땐 사이즈넉넉할줄알았는데 큰편은 아니네요
바지도 딱맞고 좀더 오버핏이었음 더 예뻤을거같아요"
https://www.musinsa.com/review/goods/2144379,"기여운데 .. 좀 작은거 같애요 담에 사면 위아래 다 엠으로 살거에영 ㅎㅎ
색은 예뻐용 부등부들해용 구매 추천!"
https://www.musinsa.com/review/goods/2144379,"기모도 두껍고 사이즈도 적당합니다
운동할때 입기 딱일듯여"
https://www.musinsa.com/review/goods/2144379,딱 사이즈 저절하고 오버핏으로 입기 좋은가같아요 겨울에 셉업으로 입고 숏패딩허나 걸치거 다니면 완전 굿
https://www.musinsa.com/review/goods/2144379,바지가 좀 짧아서 M 사이즈 시킬걸 그랬네요 ㅜㅜ 그래도 편하게 잘 입을 거 같아요
https://www.musinsa.com/review/goods/2144379,후기보고 바지를 한 사이즈 작게 시켰는데 너무 짧아요 ㅜㅜ 그냥 둘다 M 사이즈를 시키는게 나을거 같아요..
https://www.musinsa.com/review/goods/2144379,"그레이, 오트밀 커플로 구입했습니다.
사이즈는 넉넉한 편이고, 후기대로 바지는 한사이즈 작게 사는게 맞는 것 같습니다.
편하게 잘맞아요^^"
https://www.musinsa.com/review/goods/2144379,"커플로 입으려고 그레이, 아이보리 색상 구매했습니다.
후기대로 바지는 한사이즈 작게 사는 게 맞는 것 같습니다~
편하게 입을 수 있어 좋아요."
https://www.musinsa.com/review/goods/2144379,"상의가 오버핏으로 입기 좋고 하의는 딱 맞아서 입기 편해요. 원단도 진짜 좋고 보들보들해요!! 봄, 가을엔 단독으로 입기 좋을 것 같고 겨울에는 패딩이나 아우터 하나정도 걸치기에 딱 좋아요! 아주 얇은 기모가 안쪽에 덧대져 있는 것 같아서 촉감이 좋아요^^"
https://www.musinsa.com/review/goods/2144379,상의는 팔길이가 조금 길어요 하의는 딱 맞고 너무 편해요! 원단도 부드럽고 좋아요!
https://www.musinsa.com/review/goods/2144379,하의는 딱 맞고 상의는 약간 크지만 오버핏으로 입으면 딱 예쁠 그런 핏이에요!! 일단 원단이 너무 좋고 부드러워요^^
https://www.musinsa.com/review/goods/2144379,"추위를 잘 타서 모두 기모로 샀고 이 부분은 만족합니당
그런데 옷이 좀 커요.. s시킬걸 살짝 후회했어요
바지는 딱 잘 맞습니다"
https://www.musinsa.com/review/goods/2144379,"배송 진짜 빠르게왔고 비닐에 담겨서 왔어요.
오자마자 입어봤을때 털이 너무 빠져서 세탁하고 건조기 돌렸는데 털때문에 건조기 필터가 거의 폭발했어요 ㅋㅋ
다행히 세탁후 변형없었고 털빠짐 남아있지만 입을만 합니다.
후드는 이쁜데 바지는 입었을때 핏이 조금 이상해요ㅠ"
https://www.musinsa.com/review/goods/2144379,"블랙 프라이데이로 가격 착하게 구매했어요
화산의 색깔이라서 마음에 들고
기모가 두툼에서 지금 인기 좋아요
오자마자 입어 봤더니 털이 많이 빠져서 세탁하고 건조기 돌리고 입었어요!"
https://www.musinsa.com/review/goods/2144379,"동생 선물로 사줬는데, 사이즈 적당합니다.

기모라 따뜻할 것 같습니다.

핏은 딱 좋습니다.  세미 오버핏 정도의 느낌입니다."
https://www.musinsa.com/review/goods/2144379,옷 마감도 꼼꼼하고 무엇보다 세일기간에 득템해서 더 좋습니다 . 올 겨울 독서실 갈 때 막 입어야겠어요
https://www.musinsa.com/review/goods/2144379,후드티는 마음에 드는데 바지 고무줄이 탄력이 없어 조금 아쉽네요
https://www.musinsa.com/review/goods/2144379,후드티는 마음에 드는데 바지가 고무줄이 힘이 없어서 약간 아쉬워요
https://www.musinsa.com/review/goods/2144379,"기모없는거네요
그래도 초등아들이 입기 좋아요"
https://www.musinsa.com/review/goods/2144379,"적당한 기모가 들어있어 계절 안타고 입기 좋아요 
생각보다 핏이 예뻐서 자주 입어요"
https://www.musinsa.com/review/goods/2144379,특가로 좋은가격으로 구매했네요 기모가 없어서 아쉽긴하지만 지금 입기엔 좀 얇아요 옷은 이쁘고 잘 맞아요
https://www.musinsa.com/review/goods/2144379,기여워욥 같이 세트로 입어야 귀야운거같아요! 맘에 듭니당
https://www.musinsa.com/review/goods/2144379,"배송도 빠르고 상품도 마음에 들어요 기모라 겨울에
잘 입을 거 같아요"
https://www.musinsa.com/review/goods/2144379,"집에서 가볍게 입을 겨울 트레이닝이 없어 블프때 저렴한 가격에 구입. 하의는 기모리 만족, 상의는 기모가 없어 아쉽"
https://www.musinsa.com/review/goods/2144379,"이번 블프로 가성비좋게 구입했네요!
색상도 굳굳"
https://www.musinsa.com/review/goods/2144379,다른색상하고 고민하다 블랙 샀는데 마음에들어요.
https://www.musinsa.com/review/goods/2144379,색상과 디자인 모두 진하고 사진 그대로입니다 두께도 적당해요 대신 바지 넉넉하게 입고 싶으면 제 키 기준 L 추천해요
https://www.musinsa.com/review/goods/2144379,색상과 디자인 모두 진하고 사진 그대로구요 바지는 넉넉하게 입고 싶으면 제 키 기준 L 추천해요
https://www.musinsa.com/review/goods/2144379,"평소m사이즈입는데
S도넉넉하게맞아요
옷재질좋고 귀여워요"
